,Anon,kolejno≈õci,Data zakupu,bottle_filter_units,next_purchase_date,days_until_next_purchase,filter_retention_days
5,ANON_0006,69825101,2022-11-14,3,2023-03-22,128.0,42.666666666666664
764,ANON_0006,99107071,2023-03-22,7,2023-07-14,114.0,16.285714285714285
1765,ANON_0006,125125377,2023-07-14,7,2024-03-27,257.0,36.714285714285715
5499,ANON_0006,186642606,2024-03-27,9,2024-07-15,110.0,12.222222222222221
6,ANON_0007,69871741,2022-11-14,4,2023-11-27,378.0,94.5
7211,ANON_0012,209717081,2024-07-13,3,2024-10-28,107.0,35.666666666666664
19,ANON_0020,70681343,2022-11-17,6,2023-08-22,278.0,46.333333333333336
29,ANON_0030,71286523,2022-11-20,32,2023-04-27,158.0,4.9375
1132,ANON_0030,107413278,2023-04-27,14,2024-05-02,371.0,26.5
6076,ANON_0030,194102338,2024-05-02,6,2024-12-23,235.0,39.166666666666664
10087,ANON_0030,244383110,2024-12-23,7,2025-03-22,89.0,12.714285714285714
37,ANON_0038,71834990,2022-11-22,6,2023-08-19,270.0,45.0
1647,ANON_0049,121837762,2023-06-30,11,2023-12-22,175.0,15.909090909090908
3974,ANON_0049,166215626,2023-12-22,9,2025-01-03,378.0,42.0
57,ANON_0058,73051182,2022-11-27,4,2023-08-13,259.0,64.75
2060,ANON_0058,131982906,2023-08-13,6,2024-08-26,379.0,63.166666666666664
7943,ANON_0058,218014196,2024-08-26,6,2024-09-22,27.0,4.5
62,ANON_0063,73351778,2022-11-28,3,2024-02-10,439.0,146.33333333333334
63,ANON_0064,73419522,2022-11-28,18,2022-12-03,5.0,0.2777777777777778
67,ANON_0068,73726630,2022-11-29,2,2022-12-07,8.0,4.0
75,ANON_0076,74351722,2022-12-01,1,2023-02-22,83.0,83.0
76,ANON_0077,74417194,2022-12-01,7,2023-02-14,75.0,10.714285714285714
402,ANON_0077,91242621,2023-02-14,8,2023-07-15,151.0,18.875
1772,ANON_0077,125259439,2023-07-15,9,2024-01-27,196.0,21.77777777777778
4484,ANON_0077,173206555,2024-01-27,6,2025-02-16,386.0,64.33333333333333
10941,ANON_0077,253344575,2025-02-16,3,2025-10-24,250.0,83.33333333333333
85,ANON_0085,74869399,2022-12-03,3,2024-02-20,444.0,148.0
4860,ANON_0085,178587530,2024-02-20,4,2024-07-01,132.0,33.0
6980,ANON_0085,207166366,2024-07-01,6,2025-01-22,205.0,34.166666666666664
10552,ANON_0085,249034552,2025-01-22,12,2025-09-14,235.0,19.583333333333332
103,ANON_0103,75906701,2022-12-07,5,2024-10-29,692.0,138.4
110,ANON_0109,76266362,2022-12-08,5,2025-07-12,947.0,189.4
113,ANON_0112,76424685,2022-12-08,4,2025-04-25,869.0,217.25
120,ANON_0119,76799342,2022-12-10,21,2023-07-07,209.0,9.952380952380953
129,ANON_0128,77373735,2022-12-12,10,2024-02-29,444.0,44.4
141,ANON_0139,78166694,2022-12-14,5,2023-03-20,96.0,19.2
4419,ANON_0140,172199381,2024-01-22,8,2024-07-16,176.0,22.0
983,ANON_0144,104091207,2023-04-13,6,2023-12-14,245.0,40.833333333333336
3847,ANON_0144,163791868,2023-12-14,6,2024-02-19,67.0,11.166666666666666
4847,ANON_0144,178417737,2024-02-19,12,2024-09-13,207.0,17.25
8384,ANON_0144,221693844,2024-09-13,24,2025-08-18,339.0,14.125
152,ANON_0150,78938190,2022-12-16,4,2024-02-12,423.0,105.75
4730,ANON_0150,176769338,2024-02-12,4,2025-11-27,654.0,163.5
169,ANON_0166,80131343,2022-12-19,1,2023-05-17,149.0,149.0
184,ANON_0181,81090059,2022-12-26,6,2023-05-25,150.0,25.0
1365,ANON_0181,113609862,2023-05-25,3,2024-01-26,246.0,82.0
4473,ANON_0181,173053525,2024-01-26,3,2024-08-07,194.0,64.66666666666667
7589,ANON_0181,214533932,2024-08-07,3,2024-11-09,94.0,31.333333333333332
188,ANON_0185,81290182,2022-12-27,10,2024-04-17,477.0,47.7
214,ANON_0211,82593268,2023-01-03,4,2023-03-29,85.0,21.25
227,ANON_0224,83100967,2023-01-06,4,2023-09-05,242.0,60.5
2390,ANON_0224,137287288,2023-09-05,4,2025-08-30,725.0,181.25
228,ANON_0225,83141437,2023-01-06,10,2023-08-20,226.0,22.6
2142,ANON_0225,133451364,2023-08-20,12,2023-08-20,0.0,0.0
2148,ANON_0225,133565427,2023-08-20,6,2023-09-17,28.0,4.666666666666667
235,ANON_0232,83442831,2023-01-08,6,2023-06-28,171.0,28.5
1628,ANON_0232,121284852,2023-06-28,3,2023-12-22,177.0,59.0
3972,ANON_0232,166174254,2023-12-22,6,2024-10-14,297.0,49.5
244,ANON_0241,83821395,2023-01-09,13,2024-08-13,582.0,44.76923076923077
247,ANON_0244,83998971,2023-01-10,4,2023-09-02,235.0,58.75
250,ANON_0247,84128741,2023-01-11,1,2023-02-11,31.0,31.0
269,ANON_0266,85037885,2023-01-15,1,2024-04-23,464.0,464.0
278,ANON_0275,85523096,2023-01-17,4,2023-04-28,101.0,25.25
284,ANON_0281,85842910,2023-01-18,6,2023-07-22,185.0,30.833333333333332
1835,ANON_0281,126833077,2023-07-22,5,2024-03-18,240.0,48.0
5324,ANON_0281,184616211,2024-03-18,6,2024-04-30,43.0,7.166666666666667
6058,ANON_0281,193870151,2024-04-30,6,2024-11-20,204.0,34.0
9370,ANON_0281,235402494,2024-11-20,7,2025-06-29,221.0,31.571428571428573
285,ANON_0282,85907019,2023-01-19,1,2023-04-21,92.0,92.0
1068,ANON_0282,105803331,2023-04-21,6,2023-11-02,195.0,32.5
3235,ANON_0282,150989917,2023-11-02,6,2024-11-18,382.0,63.666666666666664
287,ANON_0284,86003880,2023-01-19,3,2024-03-07,413.0,137.66666666666666
6817,ANON_0286,204661835,2024-06-19,6,2025-03-09,263.0,43.833333333333336
303,ANON_0300,86923367,2023-01-24,1,2024-03-23,424.0,424.0
5417,ANON_0300,185739437,2024-03-23,4,2025-03-20,362.0,90.5
11560,ANON_0300,258871741,2025-03-20,1,2025-05-29,70.0,70.0
12742,ANON_0300,270807793,2025-05-29,1,2025-07-10,42.0,42.0
308,ANON_0305,87291226,2023-01-26,6,2024-05-16,476.0,79.33333333333333
6301,ANON_0305,197261110,2024-05-16,1,2024-09-21,128.0,128.0
8520,ANON_0305,223231955,2024-09-21,6,2025-08-12,325.0,54.166666666666664
322,ANON_0319,87962904,2023-01-30,2,2024-01-03,338.0,169.0
324,ANON_0321,88043502,2023-01-30,11,2025-01-30,731.0,66.45454545454545
327,ANON_0324,88200889,2023-01-31,1,2024-11-01,640.0,640.0
335,ANON_0332,88655562,2023-02-02,2,2023-05-09,96.0,48.0
337,ANON_0334,88768678,2023-02-02,2,2024-01-11,343.0,171.5
339,ANON_0336,88877985,2023-02-03,10,2023-09-06,215.0,21.5
2396,ANON_0336,137361192,2023-09-06,6,2025-04-02,574.0,95.66666666666667
11791,ANON_0336,261133575,2025-04-02,6,2025-11-11,223.0,37.166666666666664
345,ANON_0341,89077251,2023-02-04,2,2023-09-16,224.0,112.0
2554,ANON_0341,139778889,2023-09-16,2,2023-12-16,91.0,45.5
3868,ANON_0341,164226270,2023-12-16,2,2024-04-24,130.0,65.0
5984,ANON_0341,192604082,2024-04-24,6,2024-07-07,74.0,12.333333333333334
7096,ANON_0341,208417545,2024-07-07,2,2025-01-24,201.0,100.5
346,ANON_0342,89118145,2023-02-04,1,2025-08-09,917.0,917.0
357,ANON_0353,89589991,2023-02-06,4,2023-07-22,166.0,41.5
358,ANON_0354,89618079,2023-02-06,1,2024-06-05,485.0,485.0
360,ANON_0355,89653454,2023-02-07,5,2024-10-07,608.0,121.6
374,ANON_0369,90306165,2023-02-09,10,2023-11-04,268.0,26.8
378,ANON_0373,90502796,2023-02-10,6,2023-02-10,0.0,0.0
407,ANON_0399,91415011,2023-02-14,12,2023-05-21,96.0,8.0
410,ANON_0402,91543335,2023-02-15,6,2023-10-27,254.0,42.333333333333336
3150,ANON_0402,149628647,2023-10-27,6,2025-04-01,522.0,87.0
414,ANON_0406,91700004,2023-02-16,1,2025-03-05,748.0,748.0
417,ANON_0409,91810936,2023-02-16,2,2024-08-31,562.0,281.0
944,ANON_0410,103229748,2023-04-10,5,2024-06-14,431.0,86.2
426,ANON_0418,92101255,2023-02-18,6,2025-07-29,892.0,148.66666666666666
434,ANON_0426,92349060,2023-02-19,16,2023-07-14,145.0,9.0625
438,ANON_0430,92412147,2023-02-20,4,2023-05-28,97.0,24.25
1926,ANON_0447,128937743,2023-07-31,1,2023-12-22,144.0,144.0
473,ANON_0464,93342999,2023-02-24,6,2023-07-26,152.0,25.333333333333332
1877,ANON_0464,127675252,2023-07-26,12,2023-09-06,42.0,3.5
2407,ANON_0464,137530854,2023-09-06,1,2024-05-12,249.0,249.0
6221,ANON_0464,196152044,2024-05-12,12,2025-01-01,234.0,19.5
10184,ANON_0464,245400480,2025-01-01,7,2025-06-19,169.0,24.142857142857142
479,ANON_0470,93486833,2023-02-25,1,2023-10-02,219.0,219.0
483,ANON_0474,93582054,2023-02-26,1,2023-08-31,186.0,186.0
488,ANON_0478,93674908,2023-02-26,4,2023-05-03,66.0,16.5
1163,ANON_0478,108249057,2023-05-03,3,2023-07-27,85.0,28.333333333333332
1886,ANON_0478,127944579,2023-07-27,4,2023-10-29,94.0,23.5
3167,ANON_0478,149889459,2023-10-29,4,2024-05-15,199.0,49.75
6277,ANON_0478,196972165,2024-05-15,2,2024-09-11,119.0,59.5
8332,ANON_0478,221206339,2024-09-11,4,2025-03-18,188.0,47.0
11515,ANON_0478,258510476,2025-03-18,3,2025-06-25,99.0,33.0
13190,ANON_0478,275203504,2025-06-25,4,2025-11-26,154.0,38.5
490,ANON_0480,93716044,2023-02-26,6,2023-05-02,65.0,10.833333333333334
1157,ANON_0480,108089147,2023-05-02,6,2023-10-25,176.0,29.333333333333332
498,ANON_0488,93924222,2023-02-27,6,2023-11-09,255.0,42.5
501,ANON_0491,93983348,2023-02-27,10,2025-01-03,676.0,67.6
503,ANON_0493,94032777,2023-02-27,2,2023-03-21,22.0,11.0
511,ANON_0501,94224312,2023-02-28,6,2023-10-10,224.0,37.333333333333336
548,ANON_0537,95099803,2023-03-04,5,2023-03-06,2.0,0.4
550,ANON_0539,95135268,2023-03-05,8,2024-05-12,434.0,54.25
555,ANON_0544,95206551,2023-03-05,3,2023-11-13,253.0,84.33333333333333
3385,ANON_0544,153441131,2023-11-13,6,2024-02-05,84.0,14.0
4614,ANON_0544,175122717,2024-02-05,12,2024-08-16,193.0,16.083333333333332
556,ANON_0545,95226369,2023-03-05,6,2023-06-29,116.0,19.333333333333332
1639,ANON_0545,121637135,2023-06-29,6,2023-11-19,143.0,23.833333333333332
3471,ANON_0545,155195468,2023-11-19,3,2024-07-18,242.0,80.66666666666667
7291,ANON_0545,210784417,2024-07-18,6,2025-01-08,174.0,29.0
557,ANON_0546,95244128,2023-03-05,6,2025-05-05,792.0,132.0
6216,ANON_0547,196112990,2024-05-12,6,2024-06-17,36.0,6.0
563,ANON_0552,95366717,2023-03-06,3,2023-08-29,176.0,58.666666666666664
581,ANON_0568,95690608,2023-03-07,6,2024-07-21,502.0,83.66666666666667
7328,ANON_0568,211182208,2024-07-21,9,2025-10-11,447.0,49.666666666666664
600,ANON_0586,96121621,2023-03-08,10,2025-07-19,864.0,86.4
607,ANON_0593,96277601,2023-03-09,2,2023-03-14,5.0,2.5
611,ANON_0597,96355771,2023-03-09,1,2023-03-09,0.0,0.0
622,ANON_0606,96556754,2023-03-10,6,2023-09-08,182.0,30.333333333333332
2440,ANON_0606,138036640,2023-09-08,6,2024-02-14,159.0,26.5
4763,ANON_0606,177251302,2024-02-14,6,2024-09-09,208.0,34.666666666666664
8288,ANON_0606,220736716,2024-09-09,6,2025-04-10,213.0,35.5
11942,ANON_0606,262548793,2025-04-10,6,2025-10-14,187.0,31.166666666666668
642,ANON_0625,96876246,2023-03-12,6,2023-09-10,182.0,30.333333333333332
676,ANON_0658,97476532,2023-03-14,6,2023-12-17,278.0,46.333333333333336
689,ANON_0670,97707925,2023-03-15,9,2023-04-17,33.0,3.6666666666666665
1021,ANON_0670,104728352,2023-04-17,3,2024-01-19,277.0,92.33333333333333
690,ANON_0671,97724548,2023-03-15,12,2023-04-07,23.0,1.9166666666666667
697,ANON_0678,97876883,2023-03-16,6,2023-12-29,288.0,48.0
4033,ANON_0678,167252650,2023-12-29,6,2025-04-16,474.0,79.0
698,ANON_0679,97896275,2023-03-16,2,2025-03-26,741.0,370.5
700,ANON_0681,97942210,2023-03-16,4,2023-05-24,69.0,17.25
714,ANON_0695,98222564,2023-03-18,13,2023-06-02,76.0,5.846153846153846
1430,ANON_0695,115560926,2023-06-02,3,2024-07-13,407.0,135.66666666666666
7203,ANON_0695,209630862,2024-07-13,8,2024-10-16,95.0,11.875
715,ANON_0696,98233637,2023-03-18,3,2023-11-20,247.0,82.33333333333333
732,ANON_0713,98502115,2023-03-19,2,2024-07-11,480.0,240.0
7171,ANON_0713,209307236,2024-07-11,3,2025-02-06,210.0,70.0
1951,ANON_0714,129621175,2023-08-03,4,2023-08-19,16.0,4.0
2125,ANON_0714,133215855,2023-08-19,2,2023-09-11,23.0,11.5
2478,ANON_0714,138567774,2023-09-11,5,2024-08-05,329.0,65.8
736,ANON_0716,98576778,2023-03-20,21,2023-11-09,234.0,11.142857142857142
743,ANON_0723,98721197,2023-03-20,2,2023-05-16,57.0,28.5
1282,ANON_0723,111503660,2023-05-16,2,2024-03-25,314.0,157.0
744,ANON_0724,98736084,2023-03-20,6,2023-09-27,191.0,31.833333333333332
746,ANON_0726,98774381,2023-03-21,2,2023-05-04,44.0,22.0
1174,ANON_0726,108534204,2023-05-04,3,2024-02-19,291.0,97.0
4829,ANON_0726,178178517,2024-02-19,2,2024-08-15,178.0,89.0
7740,ANON_0726,216145294,2024-08-15,10,2025-04-01,229.0,22.9
753,ANON_0733,98937036,2023-03-21,10,2024-04-09,385.0,38.5
757,ANON_0736,98992503,2023-03-21,6,2025-07-15,847.0,141.16666666666666
758,ANON_0737,99011913,2023-03-21,2,2023-03-22,1.0,0.5
761,ANON_0737,99067425,2023-03-22,1,2024-11-08,597.0,597.0
766,ANON_0743,99139643,2023-03-22,21,2025-05-14,784.0,37.333333333333336
773,ANON_0749,99272483,2023-03-23,6,2024-06-18,453.0,75.5
779,ANON_0755,99409012,2023-03-23,2,2023-08-26,156.0,78.0
802,ANON_0778,99894632,2023-03-26,2,2023-08-31,158.0,79.0
2302,ANON_0778,136109067,2023-08-31,5,2023-12-06,97.0,19.4
821,ANON_0797,100345875,2023-03-28,3,2024-01-09,287.0,95.66666666666667
4235,ANON_0797,169469217,2024-01-09,6,2025-07-21,559.0,93.16666666666667
828,ANON_0804,100505944,2023-03-28,2,2023-12-31,278.0,139.0
836,ANON_0811,100680611,2023-03-29,4,2023-08-29,153.0,38.25
837,ANON_0812,100695212,2023-03-29,1,2025-11-16,963.0,963.0
845,ANON_0820,100907112,2023-03-30,2,2023-08-29,152.0,76.0
850,ANON_0824,100988218,2023-03-30,4,2023-11-01,216.0,54.0
855,ANON_0829,101118883,2023-03-31,5,2023-05-17,47.0,9.4
1287,ANON_0829,111625356,2023-05-17,3,2023-08-07,82.0,27.333333333333332
1988,ANON_0829,130316429,2023-08-07,4,2023-10-27,81.0,20.25
3153,ANON_0829,149675895,2023-10-27,9,2024-01-08,73.0,8.11111111111111
4209,ANON_0829,169133488,2024-01-08,18,2024-07-30,204.0,11.333333333333334
7454,ANON_0829,212944309,2024-07-30,18,2025-01-07,161.0,8.944444444444445
10294,ANON_0829,246333237,2025-01-07,12,2025-08-03,208.0,17.333333333333332
867,ANON_0841,101396938,2023-04-02,7,2023-10-22,203.0,29.0
3085,ANON_0841,148293872,2023-10-22,11,2024-06-26,248.0,22.545454545454547
6907,ANON_0841,206238932,2024-06-26,13,2025-05-31,339.0,26.076923076923077
1513,ANON_0862,117787597,2023-06-13,6,2025-01-26,593.0,98.83333333333333
890,ANON_0863,101928968,2023-04-03,9,2023-04-24,21.0,2.3333333333333335
1093,ANON_0863,106324798,2023-04-24,2,2024-01-28,279.0,139.5
4499,ANON_0863,173404221,2024-01-28,6,2025-02-26,395.0,65.83333333333333
3537,ANON_0864,156747203,2023-11-24,7,2024-02-04,72.0,10.285714285714286
4603,ANON_0864,174950919,2024-02-04,2,2025-09-05,579.0,289.5
909,ANON_0881,102433039,2023-04-05,4,2024-10-29,573.0,143.25
919,ANON_0890,102715003,2023-04-07,2,2023-04-15,8.0,4.0
922,ANON_0893,102777251,2023-04-07,8,2023-09-01,147.0,18.375
2321,ANON_0893,136337521,2023-09-01,7,2024-04-08,220.0,31.428571428571427
5698,ANON_0893,188820288,2024-04-08,5,2024-08-05,119.0,23.8
7556,ANON_0893,214089870,2024-08-05,6,2024-11-05,92.0,15.333333333333334
9137,ANON_0893,232064649,2024-11-05,8,2025-10-02,331.0,41.375
941,ANON_0911,103168497,2023-04-10,1,2024-05-13,399.0,399.0
947,ANON_0916,103292828,2023-04-11,9,2023-07-31,111.0,12.333333333333334
953,ANON_0922,103445247,2023-04-11,7,2024-03-17,341.0,48.714285714285715
954,ANON_0923,103461373,2023-04-11,4,2024-05-20,405.0,101.25
958,ANON_0927,103543962,2023-04-11,6,2025-06-08,789.0,131.5
963,ANON_0932,103685423,2023-04-12,6,2024-09-21,528.0,88.0
8517,ANON_0932,223210446,2024-09-21,3,2024-11-21,61.0,20.333333333333332
9389,ANON_0932,235685245,2024-11-21,9,2025-06-09,200.0,22.22222222222222
12929,ANON_0932,272514066,2025-06-09,3,2025-06-09,0.0,0.0
964,ANON_0933,103713835,2023-04-12,4,2024-01-04,267.0,66.75
965,ANON_0934,103738007,2023-04-12,5,2023-08-19,129.0,25.8
2123,ANON_0934,133198204,2023-08-19,12,2024-02-08,173.0,14.416666666666666
4658,ANON_0934,175851607,2024-02-08,6,2024-07-11,154.0,25.666666666666668
7168,ANON_0934,209286481,2024-07-11,6,2025-04-24,287.0,47.833333333333336
12174,ANON_0934,264874922,2025-04-24,6,2025-08-21,119.0,19.833333333333332
980,ANON_0948,104054047,2023-04-13,1,2023-04-17,4.0,4.0
985,ANON_0952,104111343,2023-04-13,2,2023-04-25,12.0,6.0
986,ANON_0953,104140157,2023-04-14,6,2025-02-27,685.0,114.16666666666667
990,ANON_0957,104207980,2023-04-14,18,2023-11-05,205.0,11.38888888888889
3260,ANON_0957,151386911,2023-11-05,16,2024-04-26,173.0,10.8125
991,ANON_0958,104223696,2023-04-14,8,2024-04-29,381.0,47.625
1018,ANON_0982,104680346,2023-04-16,1,2023-07-04,79.0,79.0
1677,ANON_0982,122785982,2023-07-04,3,2024-02-04,215.0,71.66666666666667
1026,ANON_0989,104855433,2023-04-17,2,2024-01-10,268.0,134.0
1028,ANON_0991,104902737,2023-04-17,6,2023-11-27,224.0,37.333333333333336
1034,ANON_0996,105010865,2023-04-17,2,2025-09-24,891.0,445.5
12028,ANON_10003,263341002,2025-04-14,4,2025-05-26,42.0,10.5
12669,ANON_10003,270115596,2025-05-26,3,2025-07-18,53.0,17.666666666666668
12084,ANON_10046,264013036,2025-04-18,4,2025-08-28,132.0,33.0
12114,ANON_10068,264289486,2025-04-21,6,2025-11-09,202.0,33.666666666666664
12118,ANON_10071,264323604,2025-04-21,3,2025-08-18,119.0,39.666666666666664
12190,ANON_10124,265022790,2025-04-25,2,2025-07-23,89.0,44.5
13769,ANON_10124,279670198,2025-07-23,2,2025-11-25,125.0,62.5
5310,ANON_1015,184395123,2024-03-17,6,2025-01-18,307.0,51.166666666666664
12288,ANON_10196,266092219,2025-05-02,2,2025-08-03,93.0,46.5
12325,ANON_10222,266470233,2025-05-05,3,2025-07-16,72.0,24.0
12347,ANON_10239,266704170,2025-05-06,3,2025-08-15,101.0,33.666666666666664
12349,ANON_10240,266726301,2025-05-06,7,2025-09-07,124.0,17.714285714285715
12350,ANON_10241,266741254,2025-05-06,6,2025-09-17,134.0,22.333333333333332
12416,ANON_10289,267419519,2025-05-10,3,2025-08-28,110.0,36.666666666666664
12450,ANON_10316,267747081,2025-05-12,3,2025-11-29,201.0,67.0
12468,ANON_10332,268053512,2025-05-13,10,2025-11-24,195.0,19.5
1189,ANON_1037,108900428,2023-05-06,18,2025-07-02,788.0,43.77777777777778
12584,ANON_10420,269264221,2025-05-20,6,2025-08-19,91.0,15.166666666666666
12607,ANON_10439,269503303,2025-05-21,5,2025-07-30,70.0,14.0
12638,ANON_10461,269820644,2025-05-23,3,2025-10-10,140.0,46.666666666666664
12804,ANON_10576,271367097,2025-06-02,3,2025-10-03,123.0,41.0
1102,ANON_1059,106535692,2023-04-24,6,2023-10-20,179.0,29.833333333333332
3067,ANON_1059,148013741,2023-10-20,3,2024-01-31,103.0,34.333333333333336
4546,ANON_1059,174219952,2024-01-31,18,2025-01-28,363.0,20.166666666666668
12838,ANON_10601,271679434,2025-06-04,3,2025-06-09,5.0,1.6666666666666667
12839,ANON_10602,271693245,2025-06-04,10,2025-06-04,0.0,0.0
12842,ANON_10603,271705585,2025-06-04,3,2025-09-17,105.0,35.0
1105,ANON_1062,106598260,2023-04-24,10,2024-05-08,380.0,38.0
12866,ANON_10622,271950747,2025-06-05,6,2025-06-15,10.0,1.6666666666666667
12868,ANON_10624,271972798,2025-06-05,6,2025-06-14,9.0,1.5
12896,ANON_10643,272225510,2025-06-07,5,2025-06-11,4.0,0.8
12974,ANON_10699,272952993,2025-06-11,3,2025-10-29,140.0,46.666666666666664
12975,ANON_10700,272968265,2025-06-11,3,2025-06-15,4.0,1.3333333333333333
12989,ANON_10711,273114110,2025-06-12,3,2025-07-25,43.0,14.333333333333334
13001,ANON_10721,273246827,2025-06-12,3,2025-06-12,0.0,0.0
13005,ANON_10724,273294298,2025-06-13,8,2025-09-14,93.0,11.625
1117,ANON_1073,106940316,2023-04-26,3,2024-03-03,312.0,104.0
13012,ANON_10730,273375385,2025-06-13,3,2025-06-13,0.0,0.0
13057,ANON_10761,273747567,2025-06-16,3,2025-06-16,0.0,0.0
13150,ANON_10830,274792939,2025-06-23,8,2025-10-30,129.0,16.125
1128,ANON_1084,107292762,2023-04-27,6,2023-12-03,220.0,36.666666666666664
3646,ANON_1084,159589343,2023-12-03,10,2024-10-27,329.0,32.9
13200,ANON_10864,275291861,2025-06-25,6,2025-07-24,29.0,4.833333333333333
13203,ANON_10867,275335291,2025-06-26,3,2025-06-26,0.0,0.0
1131,ANON_1087,107390514,2023-04-27,2,2025-01-09,623.0,311.5
1136,ANON_1090,107488143,2023-04-28,3,2023-08-02,96.0,32.0
13325,ANON_10950,276405500,2025-07-02,6,2025-09-09,69.0,11.5
13336,ANON_10956,276489326,2025-07-03,3,2025-07-18,15.0,5.0
1143,ANON_1097,107675280,2023-04-29,12,2024-03-27,333.0,27.75
5513,ANON_1097,186749156,2024-03-27,6,2024-09-16,173.0,28.833333333333332
13362,ANON_10975,276729370,2025-07-04,3,2025-08-17,44.0,14.666666666666666
1144,ANON_1098,107707606,2023-04-30,3,2025-04-30,731.0,243.66666666666666
13392,ANON_10994,276936001,2025-07-06,3,2025-07-20,14.0,4.666666666666667
13698,ANON_10994,279189645,2025-07-20,3,2025-11-11,114.0,38.0
13565,ANON_11127,278313731,2025-07-14,11,2025-10-14,92.0,8.363636363636363
1166,ANON_1118,108309526,2023-05-03,8,2023-10-03,153.0,19.125
13694,ANON_11219,279176279,2025-07-20,1,2025-11-11,114.0,114.0
13772,ANON_11270,279689367,2025-07-23,4,2025-08-13,21.0,5.25
13796,ANON_11286,279862093,2025-07-24,9,2025-08-09,16.0,1.7777777777777777
3435,ANON_1131,154394703,2023-11-16,6,2025-07-24,616.0,102.66666666666667
13856,ANON_11330,280307655,2025-07-27,6,2025-10-14,79.0,13.166666666666666
1185,ANON_1135,108826900,2023-05-05,6,2024-04-24,355.0,59.166666666666664
5978,ANON_1135,192518566,2024-04-24,21,2024-10-28,187.0,8.904761904761905
9017,ANON_1135,230434152,2024-10-28,15,2025-03-27,150.0,10.0
13908,ANON_11373,280794428,2025-07-30,2,2025-11-21,114.0,57.0
13937,ANON_11395,281026085,2025-07-31,2,2025-07-31,0.0,0.0
1192,ANON_1140,108966172,2023-05-06,6,2024-02-09,279.0,46.5
4584,ANON_1141,174757599,2024-02-03,7,2025-01-06,338.0,48.285714285714285
10277,ANON_1141,246153329,2025-01-06,12,2025-11-30,328.0,27.333333333333332
1199,ANON_1147,109145997,2023-05-07,1,2023-09-12,128.0,128.0
14080,ANON_11506,282134411,2025-08-07,6,2025-10-09,63.0,10.5
14082,ANON_11507,282144390,2025-08-07,3,2025-09-09,33.0,11.0
1204,ANON_1152,109295780,2023-05-08,1,2025-01-24,627.0,627.0
14115,ANON_11530,282373890,2025-08-09,3,2025-08-09,0.0,0.0
14179,ANON_11573,282789804,2025-08-11,8,2025-08-13,2.0,0.25
14227,ANON_11573,283125960,2025-08-13,6,2025-11-09,88.0,14.666666666666666
14237,ANON_11612,283210421,2025-08-14,3,2025-08-19,5.0,1.6666666666666667
1225,ANON_1169,109846120,2023-05-10,1,2023-11-23,197.0,197.0
3525,ANON_1169,156372771,2023-11-23,3,2024-08-17,268.0,89.33333333333333
7758,ANON_1169,216314536,2024-08-17,10,2025-06-24,311.0,31.1
14398,ANON_11742,284454762,2025-08-22,6,2025-11-20,90.0,15.0
1238,ANON_1182,110254310,2023-05-11,5,2025-05-14,734.0,146.8
14586,ANON_11880,285621775,2025-08-30,5,2025-09-29,30.0,6.0
14595,ANON_11886,285659816,2025-08-30,4,2025-11-29,91.0,22.75
1247,ANON_1190,110522968,2023-05-12,6,2023-08-25,105.0,17.5
14735,ANON_11985,286373551,2025-09-04,3,2025-11-26,83.0,27.666666666666668
1258,ANON_1201,110806436,2023-05-14,4,2023-06-18,35.0,8.75
1556,ANON_1201,118968184,2023-06-18,8,2023-10-14,118.0,14.75
1320,ANON_1206,112495864,2023-05-20,4,2023-08-16,88.0,22.0
2091,ANON_1206,132604369,2023-08-16,7,2023-12-04,110.0,15.714285714285714
14875,ANON_12087,287285667,2025-09-09,4,2025-10-09,30.0,7.5
1272,ANON_1215,111235999,2023-05-15,6,2024-07-15,427.0,71.16666666666667
14965,ANON_12151,287766231,2025-09-12,6,2025-11-29,78.0,13.0
15049,ANON_12215,288317755,2025-09-16,6,2025-09-16,0.0,0.0
15145,ANON_12284,289030831,2025-09-20,4,2025-11-21,62.0,15.5
15209,ANON_12339,289622477,2025-09-24,6,2025-10-01,7.0,1.1666666666666667
15335,ANON_12339,290684550,2025-10-01,12,2025-10-08,7.0,0.5833333333333334
15236,ANON_12361,289882037,2025-09-26,6,2025-09-29,3.0,0.5
15254,ANON_12376,290048213,2025-09-27,6,2025-11-27,61.0,10.166666666666666
1304,ANON_1241,112057781,2023-05-18,6,2023-11-06,172.0,28.666666666666668
3290,ANON_1241,151812685,2023-11-06,12,2025-10-24,718.0,59.833333333333336
15357,ANON_12456,290813886,2025-10-01,4,2025-10-19,18.0,4.5
1317,ANON_1254,112428258,2023-05-20,12,2024-12-11,571.0,47.583333333333336
1336,ANON_1270,112872792,2023-05-22,4,2025-09-04,836.0,209.0
1337,ANON_1271,112897648,2023-05-22,3,2023-06-16,25.0,8.333333333333334
1550,ANON_1271,118788753,2023-06-16,2,2024-07-22,402.0,201.0
1339,ANON_1273,112950241,2023-05-22,1,2023-10-06,137.0,137.0
1340,ANON_1274,112974872,2023-05-22,3,2025-08-03,804.0,268.0
1341,ANON_1275,113002047,2023-05-22,8,2025-03-30,678.0,84.75
15868,ANON_12861,294341898,2025-10-23,6,2025-10-28,5.0,0.8333333333333334
1368,ANON_1299,113714510,2023-05-25,2,2025-03-15,660.0,330.0
1370,ANON_1301,113762620,2023-05-25,2,2023-05-29,4.0,2.0
1378,ANON_1308,114014446,2023-05-27,10,2024-03-08,286.0,28.6
1380,ANON_1310,114080314,2023-05-27,10,2024-05-01,340.0,34.0
1386,ANON_1315,114261759,2023-05-28,6,2023-06-04,7.0,1.1666666666666667
1387,ANON_1316,114298837,2023-05-29,2,2023-10-07,131.0,65.5
2874,ANON_1316,144726184,2023-10-07,6,2023-10-28,21.0,3.5
3163,ANON_1316,149833900,2023-10-28,3,2024-07-02,248.0,82.66666666666667
6990,ANON_1316,207290880,2024-07-02,6,2024-08-15,44.0,7.333333333333333
7739,ANON_1316,216143306,2024-08-15,6,2025-07-05,324.0,54.0
13364,ANON_1316,276755234,2025-07-05,6,2025-08-19,45.0,7.5
1400,ANON_1326,114620705,2023-05-30,7,2024-03-04,279.0,39.857142857142854
16411,ANON_13263,299159230,2025-11-20,6,2025-11-23,3.0,0.5
16575,ANON_13387,300560749,2025-11-27,10,2025-11-27,0.0,0.0
1413,ANON_1339,115087436,2023-05-31,10,2023-08-05,66.0,6.6
1426,ANON_1350,115485842,2023-06-02,10,2024-02-09,252.0,25.2
1443,ANON_1365,115879697,2023-06-04,6,2023-12-02,181.0,30.166666666666668
3637,ANON_1365,159436220,2023-12-02,6,2024-07-01,212.0,35.333333333333336
6963,ANON_1365,206986718,2024-07-01,3,2024-09-27,88.0,29.333333333333332
8610,ANON_1365,224397257,2024-09-27,6,2024-12-12,76.0,12.666666666666666
1473,ANON_1394,116684649,2023-06-08,2,2023-10-22,136.0,68.0
3081,ANON_1394,148248572,2023-10-22,6,2024-01-03,73.0,12.166666666666666
1477,ANON_1398,116774066,2023-06-08,2,2024-03-31,297.0,148.5
1481,ANON_1402,116905364,2023-06-09,12,2023-11-26,170.0,14.166666666666666
1484,ANON_1405,117000586,2023-06-09,6,2023-09-12,95.0,15.833333333333334
2499,ANON_1405,138903432,2023-09-12,4,2024-03-06,176.0,44.0
1497,ANON_1418,117310824,2023-06-11,3,2024-09-01,448.0,149.33333333333334
1502,ANON_1423,117440451,2023-06-11,18,2024-07-01,386.0,21.444444444444443
1506,ANON_1427,117604611,2023-06-12,2,2024-02-28,261.0,130.5
1508,ANON_1429,117667296,2023-06-12,12,2024-02-03,236.0,19.666666666666668
1853,ANON_1449,127113241,2023-07-23,6,2024-04-24,276.0,46.0
1533,ANON_1450,118278251,2023-06-14,8,2024-04-15,306.0,38.25
1549,ANON_1466,118783122,2023-06-16,4,2025-04-02,656.0,164.0
1551,ANON_1467,118815621,2023-06-17,6,2023-11-26,162.0,27.0
3564,ANON_1467,157474021,2023-11-26,6,2024-07-04,221.0,36.833333333333336
1552,ANON_1468,118855387,2023-06-17,6,2024-02-12,240.0,40.0
4733,ANON_1468,176800643,2024-02-12,6,2024-08-16,186.0,31.0
7756,ANON_1468,216303006,2024-08-16,12,2025-09-19,399.0,33.25
1561,ANON_1476,119067268,2023-06-18,5,2023-08-24,67.0,13.4
2199,ANON_1476,134537385,2023-08-24,13,2023-09-10,17.0,1.3076923076923077
2453,ANON_1476,138220777,2023-09-10,4,2024-02-03,146.0,36.5
1567,ANON_1482,119281863,2023-06-19,4,2025-03-18,638.0,159.5
1573,ANON_1488,119469945,2023-06-20,8,2024-03-25,279.0,34.875
5452,ANON_1488,186211470,2024-03-25,4,2024-06-06,73.0,18.25
6624,ANON_1488,201767888,2024-06-06,2,2025-04-12,310.0,155.0
1578,ANON_1493,119655594,2023-06-20,4,2024-03-19,273.0,68.25
5343,ANON_1493,184888006,2024-03-19,4,2025-09-20,550.0,137.5
1587,ANON_1502,119963866,2023-06-21,10,2023-12-27,189.0,18.9
4006,ANON_1502,166784078,2023-12-27,6,2024-03-18,82.0,13.666666666666666
5326,ANON_1502,184651859,2024-03-18,6,2024-10-12,208.0,34.666666666666664
1595,ANON_1510,120245958,2023-06-23,6,2024-08-18,422.0,70.33333333333333
7793,ANON_1510,216577999,2024-08-18,6,2025-09-04,382.0,63.666666666666664
1618,ANON_1532,120929983,2023-06-26,13,2025-08-30,796.0,61.23076923076923
1624,ANON_1538,121144206,2023-06-27,4,2024-02-04,222.0,55.5
4592,ANON_1538,174844235,2024-02-04,4,2024-10-19,258.0,64.5
8917,ANON_1538,228781282,2024-10-19,4,2025-05-21,214.0,53.5
12601,ANON_1538,269437331,2025-05-21,4,2025-10-11,143.0,35.75
1646,ANON_1557,121822482,2023-06-30,18,2024-08-19,416.0,23.11111111111111
1648,ANON_1558,121860818,2023-06-30,1,2023-09-27,89.0,89.0
1657,ANON_1567,122208847,2023-07-02,6,2024-04-16,289.0,48.166666666666664
5862,ANON_1567,190866008,2024-04-16,6,2024-04-27,11.0,1.8333333333333333
1662,ANON_1572,122383377,2023-07-03,7,2024-04-23,295.0,42.142857142857146
5976,ANON_1572,192506375,2024-04-23,12,2025-07-11,444.0,37.0
1665,ANON_1575,122475920,2023-07-03,3,2023-10-22,111.0,37.0
1668,ANON_1578,122572614,2023-07-04,6,2025-02-11,588.0,98.0
1976,ANON_1580,130103036,2023-08-06,6,2024-01-02,149.0,24.833333333333332
4081,ANON_1580,167783963,2024-01-02,12,2024-04-28,117.0,9.75
1678,ANON_1587,122803824,2023-07-04,4,2023-07-06,2.0,0.5
1681,ANON_1590,122915766,2023-07-05,3,2024-06-17,348.0,116.0
6781,ANON_1590,204109593,2024-06-17,7,2025-06-04,352.0,50.285714285714285
1683,ANON_1592,122966513,2023-07-05,12,2024-02-05,215.0,17.916666666666668
1687,ANON_1596,123066767,2023-07-05,7,2023-10-06,93.0,13.285714285714286
2862,ANON_1596,144591061,2023-10-06,9,2024-09-24,354.0,39.333333333333336
1695,ANON_1603,123298271,2023-07-06,6,2025-06-19,714.0,119.0
12368,ANON_1611,266940196,2025-05-07,4,2025-09-10,126.0,31.5
1707,ANON_1614,123590906,2023-07-08,6,2024-04-16,283.0,47.166666666666664
1712,ANON_1618,123694912,2023-07-09,2,2023-09-18,71.0,35.5
1716,ANON_1622,123774520,2023-07-09,6,2024-01-07,182.0,30.333333333333332
1987,ANON_1626,130306118,2023-08-06,3,2023-08-29,23.0,7.666666666666667
5585,ANON_1635,187613367,2024-04-02,3,2024-11-11,223.0,74.33333333333333
1767,ANON_1671,125158324,2023-07-14,3,2023-10-16,94.0,31.333333333333332
1770,ANON_1673,125218716,2023-07-14,1,2023-08-21,38.0,38.0
1774,ANON_1676,125293939,2023-07-15,6,2024-03-01,230.0,38.333333333333336
1782,ANON_1684,125463444,2023-07-16,1,2024-05-17,306.0,306.0
6323,ANON_1684,197507728,2024-05-17,3,2024-09-21,127.0,42.333333333333336
1803,ANON_1703,125959549,2023-07-18,6,2025-04-28,650.0,108.33333333333333
1809,ANON_1709,126124370,2023-07-18,12,2023-07-22,4.0,0.3333333333333333
1823,ANON_1723,126548115,2023-07-20,2,2023-11-22,125.0,62.5
1824,ANON_1724,126572832,2023-07-20,12,2023-11-22,125.0,10.416666666666666
3519,ANON_1724,156281308,2023-11-22,12,2024-04-13,143.0,11.916666666666666
5803,ANON_1724,190053463,2024-04-13,12,2025-01-08,270.0,22.5
1828,ANON_1728,126665778,2023-07-21,2,2023-08-09,19.0,9.5
2014,ANON_1728,131064305,2023-08-09,6,2024-05-13,278.0,46.333333333333336
1829,ANON_1729,126694624,2023-07-21,6,2024-01-09,172.0,28.666666666666668
1831,ANON_1731,126749453,2023-07-21,3,2023-12-13,145.0,48.333333333333336
1832,ANON_1732,126771228,2023-07-21,1,2023-12-16,148.0,148.0
3872,ANON_1732,164271166,2023-12-16,6,2024-09-01,260.0,43.333333333333336
1844,ANON_1741,126959023,2023-07-23,6,2025-03-08,594.0,99.0
1890,ANON_1783,128046548,2023-07-27,4,2023-08-17,21.0,5.25
1914,ANON_1807,128644894,2023-07-30,4,2024-09-08,406.0,101.5
8261,ANON_1807,220504784,2024-09-08,4,2025-06-19,284.0,71.0
1918,ANON_1811,128754535,2023-07-31,2,2023-08-05,5.0,2.5
1928,ANON_1819,128991933,2023-08-01,6,2023-11-05,96.0,16.0
1931,ANON_1822,129091778,2023-08-01,8,2024-09-12,408.0,51.0
1940,ANON_1830,129302763,2023-08-02,3,2025-06-28,696.0,232.0
1945,ANON_1835,129448692,2023-08-02,4,2024-03-20,231.0,57.75
1950,ANON_1840,129604613,2023-08-03,11,2023-09-12,40.0,3.6363636363636362
2496,ANON_1840,138866073,2023-09-12,4,2024-07-24,316.0,79.0
1960,ANON_1847,129796983,2023-08-04,6,2024-07-24,355.0,59.166666666666664
1968,ANON_1854,129960626,2023-08-05,6,2024-03-24,232.0,38.666666666666664
1972,ANON_1856,130004474,2023-08-05,1,2025-11-23,841.0,841.0
1985,ANON_1868,130274052,2023-08-06,6,2023-12-03,119.0,19.833333333333332
3641,ANON_1868,159479335,2023-12-03,6,2024-12-05,368.0,61.333333333333336
1986,ANON_1869,130306110,2023-08-06,4,2023-12-28,144.0,36.0
1989,ANON_1870,130357132,2023-08-07,4,2025-04-06,608.0,152.0
1999,ANON_1879,130599404,2023-08-07,3,2023-11-22,107.0,35.666666666666664
2002,ANON_1882,130699671,2023-08-08,6,2023-11-07,91.0,15.166666666666666
2011,ANON_1891,130985436,2023-08-09,1,2024-04-28,263.0,263.0
6037,ANON_1891,193500293,2024-04-28,3,2024-11-14,200.0,66.66666666666667
2017,ANON_1896,131138288,2023-08-09,2,2023-08-10,1.0,0.5
2018,ANON_1897,131158181,2023-08-09,4,2024-01-11,155.0,38.75
4272,ANON_1897,170002252,2024-01-11,6,2025-11-09,668.0,111.33333333333333
2027,ANON_1903,131345738,2023-08-10,5,2023-08-26,16.0,3.2
2222,ANON_1903,134863551,2023-08-26,6,2024-06-02,281.0,46.833333333333336
2037,ANON_1911,131556525,2023-08-11,10,2024-01-12,154.0,15.4
4277,ANON_1911,170085752,2024-01-12,6,2024-03-05,53.0,8.833333333333334
2039,ANON_1912,131581706,2023-08-11,2,2024-02-11,184.0,92.0
5616,ANON_1925,187779978,2024-04-03,14,2024-04-07,4.0,0.2857142857142857
2063,ANON_1934,132060505,2023-08-14,5,2023-11-01,79.0,15.8
3211,ANON_1934,150609448,2023-11-01,7,2024-08-17,290.0,41.42857142857143
2072,ANON_1942,132250833,2023-08-15,2,2023-10-10,56.0,28.0
2081,ANON_1951,132397601,2023-08-15,3,2023-12-22,129.0,43.0
3978,ANON_1951,166256290,2023-12-22,3,2024-07-08,199.0,66.33333333333333
2083,ANON_1953,132434957,2023-08-15,6,2024-05-17,276.0,46.0
6327,ANON_1953,197555849,2024-05-17,6,2024-09-14,120.0,20.0
2086,ANON_1956,132522969,2023-08-16,2,2023-09-13,28.0,14.0
2108,ANON_1973,132877686,2023-08-17,5,2025-05-29,651.0,130.2
2115,ANON_1980,133033924,2023-08-18,1,2025-07-21,703.0,703.0
2116,ANON_1981,133059218,2023-08-18,6,2025-08-27,740.0,123.33333333333333
2119,ANON_1984,133125460,2023-08-18,4,2024-01-04,139.0,34.75
4130,ANON_1984,168264086,2024-01-04,6,2024-08-17,226.0,37.666666666666664
8165,ANON_1985,219670059,2024-09-03,12,2024-09-05,2.0,0.16666666666666666
8210,ANON_1985,220089282,2024-09-05,7,2025-04-26,233.0,33.285714285714285
2122,ANON_1987,133184663,2023-08-18,3,2024-01-07,142.0,47.333333333333336
2155,ANON_2013,133697192,2023-08-21,3,2023-09-07,17.0,5.666666666666667
2158,ANON_2016,133747407,2023-08-21,12,2025-09-01,742.0,61.833333333333336
2162,ANON_2019,133801950,2023-08-21,6,2024-12-11,478.0,79.66666666666667
2168,ANON_2024,133933396,2023-08-22,9,2024-01-07,138.0,15.333333333333334
2181,ANON_2036,134209730,2023-08-23,4,2024-07-05,317.0,79.25
7050,ANON_2036,207992430,2024-07-05,6,2024-07-07,2.0,0.3333333333333333
2196,ANON_2050,134495176,2023-08-24,7,2024-04-14,234.0,33.42857142857143
2203,ANON_2056,134610713,2023-08-25,3,2025-09-07,744.0,248.0
2225,ANON_2074,134886974,2023-08-26,7,2023-12-11,107.0,15.285714285714286
2226,ANON_2075,134896231,2023-08-26,11,2025-05-07,620.0,56.36363636363637
2243,ANON_2092,135191437,2023-08-28,6,2024-05-21,267.0,44.5
6395,ANON_2092,198315475,2024-05-21,6,2025-02-06,261.0,43.5
2245,ANON_2094,135229508,2023-08-28,7,2024-05-27,273.0,39.0
2247,ANON_2096,135271420,2023-08-28,3,2025-07-10,682.0,227.33333333333334
2255,ANON_2104,135387982,2023-08-29,2,2024-11-02,431.0,215.5
9090,ANON_2104,231407748,2024-11-02,6,2025-06-16,226.0,37.666666666666664
2261,ANON_2109,135503560,2023-08-29,2,2024-08-19,356.0,178.0
2264,ANON_2112,135560799,2023-08-29,4,2025-05-28,638.0,159.5
2266,ANON_2114,135587857,2023-08-29,6,2024-02-24,179.0,29.833333333333332
2268,ANON_2115,135597130,2023-08-29,6,2024-04-25,240.0,40.0
2275,ANON_2120,135665148,2023-08-30,6,2023-10-05,36.0,6.0
2839,ANON_2120,144269170,2023-10-05,6,2024-04-18,196.0,32.666666666666664
2284,ANON_2129,135836388,2023-08-30,3,2025-05-09,618.0,206.0
2286,ANON_2131,135861043,2023-08-30,3,2024-03-20,203.0,67.66666666666667
5359,ANON_2131,185070178,2024-03-20,6,2024-09-01,165.0,27.5
2293,ANON_2138,135949459,2023-08-31,6,2025-07-15,684.0,114.0
3926,ANON_2139,165168689,2023-12-18,2,2024-02-28,72.0,36.0
2295,ANON_2140,135990464,2023-08-31,6,2024-04-10,223.0,37.166666666666664
5747,ANON_2140,189337206,2024-04-10,6,2024-08-16,128.0,21.333333333333332
2296,ANON_2141,136010352,2023-08-31,3,2024-02-02,155.0,51.666666666666664
2301,ANON_2146,136102038,2023-08-31,6,2024-03-18,200.0,33.333333333333336
5318,ANON_2146,184546559,2024-03-18,6,2024-10-07,203.0,33.833333333333336
2316,ANON_2159,136290702,2023-09-01,3,2024-05-09,251.0,83.66666666666667
2331,ANON_2170,136435974,2023-09-02,2,2023-10-06,34.0,17.0
2860,ANON_2170,144577863,2023-10-06,1,2023-10-14,8.0,8.0
2336,ANON_2174,136481250,2023-09-02,4,2023-09-14,12.0,3.0
2344,ANON_2182,136591824,2023-09-03,2,2024-09-01,364.0,182.0
2345,ANON_2183,136604888,2023-09-03,4,2023-12-17,105.0,26.25
2353,ANON_2191,136721377,2023-09-03,2,2025-04-22,597.0,298.5
2377,ANON_2213,137061497,2023-09-05,5,2025-06-27,661.0,132.2
7635,ANON_2222,215084487,2024-08-10,3,2025-08-11,366.0,122.0
2953,ANON_2225,145935616,2023-10-11,6,2024-01-07,88.0,14.666666666666666
2393,ANON_2227,137305642,2023-09-05,6,2025-05-08,611.0,101.83333333333333
4218,ANON_2228,169260680,2024-01-08,6,2025-04-23,471.0,78.5
2419,ANON_2248,137738070,2023-09-07,18,2023-09-14,7.0,0.3888888888888889
2534,ANON_2248,139450269,2023-09-14,15,2024-12-06,449.0,29.933333333333334
2433,ANON_2260,137932961,2023-09-08,7,2025-05-22,622.0,88.85714285714286
3400,ANON_2263,153695430,2023-11-13,3,2024-02-22,101.0,33.666666666666664
4894,ANON_2263,179107556,2024-02-22,3,2024-07-04,133.0,44.333333333333336
2456,ANON_2281,138256891,2023-09-10,3,2023-12-07,88.0,29.333333333333332
3706,ANON_2281,160819755,2023-12-07,4,2024-03-31,115.0,28.75
5553,ANON_2281,187199389,2024-03-31,6,2024-09-19,172.0,28.666666666666668
2457,ANON_2282,138270760,2023-09-10,6,2023-12-04,85.0,14.166666666666666
3668,ANON_2282,160033270,2023-12-04,6,2024-02-21,79.0,13.166666666666666
4878,ANON_2282,178844824,2024-02-21,6,2025-04-08,412.0,68.66666666666667
2460,ANON_2284,138296519,2023-09-10,6,2023-10-04,24.0,4.0
2829,ANON_2284,144123433,2023-10-04,3,2024-09-01,333.0,111.0
2461,ANON_2285,138313695,2023-09-10,3,2024-07-07,301.0,100.33333333333333
2462,ANON_2286,138331136,2023-09-10,6,2024-02-17,160.0,26.666666666666668
4804,ANON_2286,177900150,2024-02-17,6,2024-09-08,204.0,34.0
2466,ANON_2289,138380928,2023-09-10,2,2023-11-24,75.0,37.5
2481,ANON_2301,138620760,2023-09-11,4,2025-04-08,575.0,143.75
2483,ANON_2303,138649057,2023-09-11,6,2024-03-04,175.0,29.166666666666668
2488,ANON_2308,138710971,2023-09-11,2,2024-01-06,117.0,58.5
2489,ANON_2309,138730252,2023-09-11,6,2025-07-02,660.0,110.0
13329,ANON_2309,276423020,2025-07-02,3,2025-08-10,39.0,13.0
2500,ANON_2318,138914801,2023-09-12,6,2023-12-20,99.0,16.5
2515,ANON_2330,139119681,2023-09-13,11,2025-07-14,670.0,60.90909090909091
2528,ANON_2342,139344501,2023-09-14,1,2025-04-19,583.0,583.0
2548,ANON_2357,139685476,2023-09-15,6,2025-06-26,650.0,108.33333333333333
2549,ANON_2358,139713199,2023-09-15,7,2024-02-21,159.0,22.714285714285715
2556,ANON_2364,139804955,2023-09-16,6,2023-10-02,16.0,2.6666666666666665
2788,ANON_2364,143548720,2023-10-02,4,2025-09-15,714.0,178.5
2557,ANON_2365,139819479,2023-09-16,2,2023-12-04,79.0,39.5
3665,ANON_2365,159979086,2023-12-04,3,2024-08-01,241.0,80.33333333333333
2559,ANON_2367,139860559,2023-09-16,3,2024-09-03,353.0,117.66666666666667
2565,ANON_2373,139962169,2023-09-17,3,2025-05-22,613.0,204.33333333333334
2603,ANON_2407,140564962,2023-09-19,3,2024-04-18,212.0,70.66666666666667
2614,ANON_2417,140750250,2023-09-20,10,2023-09-28,8.0,0.8
2719,ANON_2417,142602897,2023-09-28,7,2025-03-07,526.0,75.14285714285714
11288,ANON_2417,256530399,2025-03-07,12,2025-11-11,249.0,20.75
2622,ANON_2423,140863851,2023-09-20,6,2025-05-02,590.0,98.33333333333333
2623,ANON_2424,140877273,2023-09-20,6,2024-02-17,150.0,25.0
2634,ANON_2434,141096374,2023-09-21,6,2024-01-02,103.0,17.166666666666668
2650,ANON_2448,141341371,2023-09-22,6,2024-07-14,296.0,49.333333333333336
2670,ANON_2466,141698397,2023-09-24,6,2024-09-02,344.0,57.333333333333336
2671,ANON_2467,141726158,2023-09-25,3,2024-03-12,169.0,56.333333333333336
2680,ANON_2476,141912025,2023-09-25,2,2024-05-08,226.0,113.0
6157,ANON_2476,195341699,2024-05-08,7,2024-12-09,215.0,30.714285714285715
9750,ANON_2476,240401782,2024-12-09,12,2025-09-16,281.0,23.416666666666668
2693,ANON_2487,142140315,2023-09-26,6,2023-10-03,7.0,1.1666666666666667
2734,ANON_2522,142817425,2023-09-29,12,2025-02-11,501.0,41.75
2736,ANON_2524,142857033,2023-09-29,5,2025-01-24,483.0,96.6
2761,ANON_2546,143185159,2023-10-01,6,2025-01-13,470.0,78.33333333333333
10410,ANON_2546,247462489,2025-01-13,6,2025-09-02,232.0,38.666666666666664
2767,ANON_2552,143278325,2023-10-01,3,2024-03-03,154.0,51.333333333333336
5032,ANON_2552,181062506,2024-03-03,6,2024-09-05,186.0,31.0
8215,ANON_2552,220123666,2024-09-05,5,2025-03-10,186.0,37.2
2773,ANON_2558,143374853,2023-10-02,6,2023-12-06,65.0,10.833333333333334
2808,ANON_2585,143808994,2023-10-03,6,2025-03-07,521.0,86.83333333333333
2828,ANON_2605,144114778,2023-10-04,1,2024-02-24,143.0,143.0
2830,ANON_2606,144125651,2023-10-04,3,2024-07-11,281.0,93.66666666666667
2840,ANON_2614,144270030,2023-10-05,2,2024-03-15,162.0,81.0
2851,ANON_2624,144428413,2023-10-05,6,2023-10-05,0.0,0.0
2852,ANON_2624,144430948,2023-10-05,11,2025-03-02,514.0,46.72727272727273
11197,ANON_2624,255661780,2025-03-02,6,2025-09-07,189.0,31.5
14819,ANON_2624,286876454,2025-09-07,12,2025-09-07,0.0,0.0
2857,ANON_2629,144518926,2023-10-06,2,2025-10-26,751.0,375.5
3263,ANON_2634,151435728,2023-11-05,4,2024-11-05,366.0,91.5
9142,ANON_2634,232122163,2024-11-05,6,2025-11-28,388.0,64.66666666666667
2868,ANON_2636,144647050,2023-10-07,6,2025-11-18,773.0,128.83333333333334
2877,ANON_2643,144749937,2023-10-07,6,2024-11-28,418.0,69.66666666666667
2882,ANON_2648,144830152,2023-10-08,6,2025-03-07,516.0,86.0
2887,ANON_2652,144881957,2023-10-08,2,2024-11-04,393.0,196.5
2905,ANON_2669,145157328,2023-10-09,10,2024-04-07,181.0,18.1
2908,ANON_2672,145219093,2023-10-09,2,2023-12-14,66.0,33.0
3844,ANON_2672,163772730,2023-12-14,3,2024-05-21,159.0,53.0
2915,ANON_2679,145323446,2023-10-09,6,2024-01-20,103.0,17.166666666666668
4399,ANON_2679,171908708,2024-01-20,6,2024-07-02,164.0,27.333333333333332
6998,ANON_2679,207367786,2024-07-02,3,2024-11-30,151.0,50.333333333333336
9561,ANON_2679,238152330,2024-11-30,3,2024-12-05,5.0,1.6666666666666667
9674,ANON_2679,239637890,2024-12-05,3,2025-07-20,227.0,75.66666666666667
2937,ANON_2698,145677742,2023-10-10,7,2023-12-04,55.0,7.857142857142857
2947,ANON_2707,145863804,2023-10-11,6,2025-01-09,456.0,76.0
2949,ANON_2709,145894945,2023-10-11,8,2024-04-09,181.0,22.625
2951,ANON_2711,145921918,2023-10-11,7,2024-03-12,153.0,21.857142857142858
3005,ANON_2758,146781340,2023-10-15,6,2024-08-12,302.0,50.333333333333336
7682,ANON_2758,215620281,2024-08-12,3,2025-04-13,244.0,81.33333333333333
3019,ANON_2771,147050399,2023-10-16,6,2024-01-17,93.0,15.5
4359,ANON_2771,171279981,2024-01-17,8,2024-04-01,75.0,9.375
5568,ANON_2771,187380849,2024-04-01,3,2024-07-03,93.0,31.0
7027,ANON_2771,207743824,2024-07-03,6,2024-11-14,134.0,22.333333333333332
9293,ANON_2771,234239162,2024-11-14,6,2025-06-15,213.0,35.5
13042,ANON_2771,273611544,2025-06-15,12,2025-11-02,140.0,11.666666666666666
3027,ANON_2779,147231533,2023-10-17,3,2025-09-22,706.0,235.33333333333334
3029,ANON_2781,147268210,2023-10-17,12,2024-06-24,251.0,20.916666666666668
6881,ANON_2781,205780536,2024-06-24,12,2024-09-13,81.0,6.75
3031,ANON_2783,147302121,2023-10-17,2,2024-09-27,346.0,173.0
3032,ANON_2784,147316899,2023-10-17,9,2025-01-29,470.0,52.22222222222222
3033,ANON_2785,147332385,2023-10-17,3,2024-09-07,326.0,108.66666666666667
3043,ANON_2794,147532772,2023-10-18,3,2025-05-04,564.0,188.0
12304,ANON_2794,266260011,2025-05-04,12,2025-10-13,162.0,13.5
3044,ANON_2795,147549527,2023-10-18,6,2024-03-26,160.0,26.666666666666668
3045,ANON_2796,147562500,2023-10-18,7,2025-11-20,764.0,109.14285714285714
9230,ANON_2823,233250800,2024-11-11,5,2024-11-11,0.0,0.0
3076,ANON_2826,148159676,2023-10-21,6,2024-02-03,105.0,17.5
4580,ANON_2826,174721689,2024-02-03,12,2024-08-17,196.0,16.333333333333332
7763,ANON_2826,216358550,2024-08-17,24,2025-05-26,282.0,11.75
3102,ANON_2849,148621774,2023-10-23,6,2024-08-10,292.0,48.666666666666664
7638,ANON_2849,215102744,2024-08-10,6,2025-09-15,401.0,66.83333333333333
3105,ANON_2852,148682460,2023-10-23,4,2023-10-31,8.0,2.0
3197,ANON_2852,150391027,2023-10-31,1,2024-06-30,243.0,243.0
3108,ANON_2855,148739413,2023-10-23,7,2024-04-02,162.0,23.142857142857142
3109,ANON_2856,148756730,2023-10-24,7,2024-02-01,100.0,14.285714285714286
3116,ANON_2862,148919130,2023-10-24,12,2024-07-11,261.0,21.75
3120,ANON_2865,148982390,2023-10-24,13,2024-11-24,397.0,30.53846153846154
3133,ANON_2877,149248200,2023-10-25,6,2024-11-21,393.0,65.5
3136,ANON_2880,149308890,2023-10-26,6,2024-05-15,202.0,33.666666666666664
3137,ANON_2881,149335397,2023-10-26,6,2025-08-25,669.0,111.5
3155,ANON_2896,149711163,2023-10-27,6,2024-05-28,214.0,35.666666666666664
3165,ANON_2905,149859362,2023-10-28,6,2025-05-12,562.0,93.66666666666667
3174,ANON_2913,150017954,2023-10-29,9,2024-07-30,275.0,30.555555555555557
3179,ANON_2918,150112711,2023-10-30,3,2024-08-03,278.0,92.66666666666667
3181,ANON_2919,150131545,2023-10-30,12,2024-05-05,188.0,15.666666666666666
6103,ANON_2919,194512393,2024-05-05,15,2024-06-02,28.0,1.8666666666666667
3212,ANON_2945,150622979,2023-11-01,4,2024-04-22,173.0,43.25
3220,ANON_2952,150772733,2023-11-02,6,2023-12-11,39.0,6.5
3779,ANON_2952,162391093,2023-12-11,13,2024-04-10,121.0,9.307692307692308
5757,ANON_2952,189444755,2024-04-10,6,2024-06-01,52.0,8.666666666666666
6549,ANON_2952,200647433,2024-06-01,24,2024-09-20,111.0,4.625
8506,ANON_2952,223123030,2024-09-20,12,2025-02-02,135.0,11.25
10694,ANON_2952,250735939,2025-02-02,15,2025-03-23,49.0,3.2666666666666666
3226,ANON_2956,150877590,2023-11-02,13,2024-06-04,215.0,16.53846153846154
3238,ANON_2967,151058690,2023-11-03,6,2024-07-31,271.0,45.166666666666664
7481,ANON_2967,213262812,2024-07-31,6,2025-02-02,186.0,31.0
3239,ANON_2968,151081154,2023-11-03,6,2025-09-24,691.0,115.16666666666667
3257,ANON_2984,151351444,2023-11-04,6,2025-07-26,630.0,105.0
3269,ANON_2993,151513585,2023-11-05,6,2024-11-20,381.0,63.5
3282,ANON_3004,151689308,2023-11-06,12,2024-06-10,217.0,18.083333333333332
3283,ANON_3005,151708144,2023-11-06,4,2024-05-22,198.0,49.5
3318,ANON_3035,152304298,2023-11-08,3,2024-09-30,327.0,109.0
8665,ANON_3035,224990576,2024-09-30,6,2025-10-01,366.0,61.0
5954,ANON_3040,192176642,2024-04-22,3,2024-10-11,172.0,57.333333333333336
8817,ANON_3040,227263591,2024-10-11,3,2025-10-10,364.0,121.33333333333333
3344,ANON_3057,152704202,2023-11-09,6,2024-06-27,231.0,38.5
6923,ANON_3057,206478442,2024-06-27,13,2025-08-11,410.0,31.53846153846154
3351,ANON_3063,152849333,2023-11-10,4,2024-10-16,341.0,85.25
3371,ANON_3082,153218374,2023-11-12,6,2025-01-13,428.0,71.33333333333333
10413,ANON_3082,247499310,2025-01-13,6,2025-11-04,295.0,49.166666666666664
4176,ANON_3086,168774619,2024-01-07,6,2024-08-13,219.0,36.5
3381,ANON_3090,153358905,2023-11-12,6,2024-10-20,343.0,57.166666666666664
5307,ANON_3110,184361433,2024-03-17,6,2025-01-15,304.0,50.666666666666664
3411,ANON_3116,153929546,2023-11-14,10,2023-11-20,6.0,0.6
3413,ANON_3118,153967447,2023-11-14,4,2025-08-13,638.0,159.5
3427,ANON_3130,154236066,2023-11-15,3,2024-03-27,133.0,44.333333333333336
3442,ANON_3144,154560892,2023-11-16,7,2024-06-03,200.0,28.571428571428573
3443,ANON_3145,154587803,2023-11-16,2,2025-02-05,447.0,223.5
3454,ANON_3154,154845268,2023-11-17,3,2024-04-02,137.0,45.666666666666664
5574,ANON_3154,187476866,2024-04-02,3,2025-02-27,331.0,110.33333333333333
3493,ANON_3186,155682058,2023-11-20,9,2024-03-07,108.0,12.0
3499,ANON_3189,155756673,2023-11-21,3,2024-03-08,108.0,36.0
3511,ANON_3199,156056636,2023-11-22,7,2024-12-04,378.0,54.0
3530,ANON_3214,156521678,2023-11-23,4,2024-09-01,283.0,70.75
3540,ANON_3222,156824578,2023-11-24,12,2024-06-04,193.0,16.083333333333332
6604,ANON_3222,201446938,2024-06-04,7,2024-12-02,181.0,25.857142857142858
3544,ANON_3226,156949547,2023-11-24,6,2024-06-01,190.0,31.666666666666668
3549,ANON_3230,157063198,2023-11-25,3,2024-02-09,76.0,25.333333333333332
4671,ANON_3230,176036774,2024-02-09,4,2025-06-05,482.0,120.5
3561,ANON_3241,157407112,2023-11-26,6,2024-06-27,214.0,35.666666666666664
3563,ANON_3243,157469332,2023-11-26,3,2024-05-15,171.0,57.0
6273,ANON_3243,196929398,2024-05-15,1,2024-07-05,51.0,51.0
3569,ANON_3247,157608200,2023-11-27,2,2024-02-05,70.0,35.0
3575,ANON_3252,157790047,2023-11-27,6,2025-10-04,677.0,112.83333333333333
3589,ANON_3264,158127609,2023-11-28,1,2025-09-20,662.0,662.0
3593,ANON_3267,158205847,2023-11-28,12,2023-11-29,1.0,0.08333333333333333
3603,ANON_3275,158467525,2023-11-29,1,2024-05-20,173.0,173.0
3618,ANON_3290,158924285,2023-11-30,4,2024-07-09,222.0,55.5
7123,ANON_3290,208753142,2024-07-09,7,2025-10-07,455.0,65.0
3631,ANON_3302,159296937,2023-12-02,1,2024-03-05,94.0,94.0
5087,ANON_3302,181657173,2024-03-05,1,2024-11-12,252.0,252.0
3640,ANON_3309,159469736,2023-12-03,6,2024-04-08,127.0,21.166666666666668
3647,ANON_3314,159592859,2023-12-03,6,2025-01-31,425.0,70.83333333333333
3650,ANON_3317,159669277,2023-12-03,8,2024-08-02,243.0,30.375
3654,ANON_3321,159766014,2023-12-04,6,2024-05-29,177.0,29.5
3702,ANON_3360,160729266,2023-12-06,6,2024-07-18,225.0,37.5
3713,ANON_3369,160975296,2023-12-07,3,2025-02-08,429.0,143.0
3722,ANON_3377,161177375,2023-12-08,6,2025-04-30,509.0,84.83333333333333
3735,ANON_3389,161456275,2023-12-09,2,2024-03-23,105.0,52.5
3737,ANON_3391,161491520,2023-12-09,7,2025-02-10,429.0,61.285714285714285
10835,ANON_3391,252260106,2025-02-10,6,2025-10-21,253.0,42.166666666666664
3740,ANON_3394,161546770,2023-12-09,6,2025-06-09,548.0,91.33333333333333
3765,ANON_3419,162080985,2023-12-11,3,2024-06-21,193.0,64.33333333333333
3773,ANON_3426,162268826,2023-12-11,6,2024-01-04,24.0,4.0
3775,ANON_3428,162330709,2023-12-11,6,2024-09-01,265.0,44.166666666666664
3838,ANON_3485,163674040,2023-12-14,3,2025-06-29,563.0,187.66666666666666
3848,ANON_3492,163821654,2023-12-15,5,2025-09-02,627.0,125.4
3852,ANON_3495,163910840,2023-12-15,4,2024-03-25,101.0,25.25
5442,ANON_3495,186065044,2024-03-25,4,2024-10-29,218.0,54.5
3870,ANON_3512,164249369,2023-12-16,4,2024-03-26,101.0,25.25
3874,ANON_3515,164294900,2023-12-16,3,2024-05-16,152.0,50.666666666666664
3877,ANON_3518,164357802,2023-12-16,5,2024-03-26,101.0,20.2
3880,ANON_3521,164416240,2023-12-16,4,2025-02-10,422.0,105.5
3883,ANON_3523,164452369,2023-12-17,7,2025-05-17,517.0,73.85714285714286
12528,ANON_3523,268684451,2025-05-17,18,2025-07-23,67.0,3.7222222222222223
4437,ANON_3531,172442265,2024-01-23,6,2024-05-29,127.0,21.166666666666668
3897,ANON_3536,164680605,2023-12-17,6,2025-09-09,632.0,105.33333333333333
3933,ANON_3567,165260131,2023-12-18,6,2025-02-07,417.0,69.5
3936,ANON_3570,165326468,2023-12-19,3,2024-01-03,15.0,5.0
3965,ANON_3597,166003102,2023-12-21,6,2024-03-15,85.0,14.166666666666666
3969,ANON_3600,166126022,2023-12-21,6,2024-07-08,200.0,33.333333333333336
7119,ANON_3600,208702437,2024-07-08,4,2025-11-16,496.0,124.0
3994,ANON_3619,166566445,2023-12-26,6,2025-04-04,465.0,77.5
4000,ANON_3623,166682350,2023-12-27,6,2025-11-16,690.0,115.0
16338,ANON_3623,298414894,2025-11-16,4,2025-11-24,8.0,2.0
4354,ANON_3625,171207321,2024-01-17,2,2024-11-10,298.0,149.0
4010,ANON_3631,166850451,2023-12-27,3,2025-07-22,573.0,191.0
5008,ANON_3636,180780278,2024-03-01,6,2025-03-02,366.0,61.0
4025,ANON_3644,167104046,2023-12-28,6,2025-09-17,629.0,104.83333333333333
4026,ANON_3645,167120863,2023-12-28,7,2025-05-28,517.0,73.85714285714286
4043,ANON_3661,167403937,2023-12-30,6,2024-11-03,309.0,51.5
4055,ANON_3670,167534617,2024-01-01,9,2024-06-18,169.0,18.77777777777778
4070,ANON_3682,167665663,2024-01-02,3,2024-03-28,86.0,28.666666666666668
4071,ANON_3683,167675784,2024-01-02,3,2024-10-30,302.0,100.66666666666667
4077,ANON_3688,167744088,2024-01-02,6,2025-10-12,649.0,108.16666666666667
4082,ANON_3692,167785854,2024-01-02,6,2024-04-21,110.0,18.333333333333332
4102,ANON_3711,167959694,2024-01-03,6,2024-08-31,241.0,40.166666666666664
4127,ANON_3732,168224886,2024-01-04,5,2024-06-05,153.0,30.6
6609,ANON_3732,201532227,2024-06-05,3,2024-09-30,117.0,39.0
4129,ANON_3734,168261217,2024-01-04,6,2024-03-03,59.0,9.833333333333334
4142,ANON_3743,168389997,2024-01-04,18,2025-03-09,430.0,23.88888888888889
4156,ANON_3756,168575804,2024-01-05,18,2024-04-16,102.0,5.666666666666667
4162,ANON_3760,168629365,2024-01-06,6,2025-11-16,680.0,113.33333333333333
4230,ANON_3811,169432091,2024-01-09,2,2025-09-05,605.0,302.5
4245,ANON_3823,169636582,2024-01-10,6,2024-09-01,235.0,39.166666666666664
4252,ANON_3829,169732309,2024-01-10,3,2024-05-23,134.0,44.666666666666664
6436,ANON_3829,198886057,2024-05-23,4,2025-04-22,334.0,83.5
4264,ANON_3839,169894397,2024-01-11,12,2024-09-26,259.0,21.583333333333332
4270,ANON_3845,169987421,2024-01-11,6,2025-09-12,610.0,101.66666666666667
4288,ANON_3861,170258281,2024-01-13,6,2025-10-15,641.0,106.83333333333333
4301,ANON_3873,170387806,2024-01-13,10,2025-07-10,544.0,54.4
4306,ANON_3878,170445018,2024-01-14,6,2024-02-28,45.0,7.5
4965,ANON_3878,180130542,2024-02-28,4,2024-09-24,209.0,52.25
8567,ANON_3878,223806437,2024-09-24,9,2025-11-25,427.0,47.44444444444444
16533,ANON_3878,300151812,2025-11-25,6,2025-11-25,0.0,0.0
4317,ANON_3889,170587881,2024-01-14,3,2024-02-11,28.0,9.333333333333334
4332,ANON_3902,170813255,2024-01-15,2,2024-01-31,16.0,8.0
4347,ANON_3917,171078086,2024-01-16,2,2024-03-06,50.0,25.0
9124,ANON_3931,231918797,2024-11-05,15,2025-02-27,114.0,7.6
11127,ANON_3931,255172878,2025-02-27,3,2025-08-06,160.0,53.333333333333336
4367,ANON_3935,171405206,2024-01-17,6,2024-07-04,169.0,28.166666666666668
4373,ANON_3941,171541376,2024-01-18,3,2024-05-09,112.0,37.333333333333336
4385,ANON_3952,171752028,2024-01-19,10,2024-07-31,194.0,19.4
5564,ANON_3959,187335546,2024-04-01,3,2024-05-01,30.0,10.0
6063,ANON_3959,193923615,2024-05-01,2,2025-02-16,291.0,145.5
4410,ANON_3971,172059111,2024-01-21,7,2024-08-27,219.0,31.285714285714285
4425,ANON_3984,172286868,2024-01-22,6,2025-03-17,420.0,70.0
4431,ANON_3989,172355217,2024-01-22,7,2024-07-14,174.0,24.857142857142858
4480,ANON_4029,173154408,2024-01-26,6,2024-11-07,286.0,47.666666666666664
4481,ANON_4030,173173747,2024-01-26,3,2025-01-28,368.0,122.66666666666667
4500,ANON_4047,173410756,2024-01-28,6,2024-09-30,246.0,41.0
4514,ANON_4059,173638764,2024-01-29,4,2025-02-05,373.0,93.25
4522,ANON_4067,173795486,2024-01-30,5,2025-01-25,361.0,72.2
4523,ANON_4068,173813055,2024-01-30,6,2024-09-11,225.0,37.5
4528,ANON_4073,173909739,2024-01-30,2,2024-11-07,282.0,141.0
4568,ANON_4106,174556741,2024-02-02,4,2025-03-31,423.0,105.75
4589,ANON_4121,174798043,2024-02-04,6,2024-08-21,199.0,33.166666666666664
4611,ANON_4137,175092611,2024-02-05,3,2024-06-06,122.0,40.666666666666664
4627,ANON_4148,175276648,2024-02-05,4,2024-08-25,202.0,50.5
4630,ANON_4151,175343362,2024-02-06,7,2025-05-14,463.0,66.14285714285714
4644,ANON_4163,175584784,2024-02-07,6,2024-11-18,285.0,47.5
4662,ANON_4179,175918161,2024-02-08,6,2024-07-04,147.0,24.5
4683,ANON_4194,176191473,2024-02-09,8,2024-04-05,56.0,7.0
4690,ANON_4200,176280029,2024-02-10,6,2025-05-17,462.0,77.0
4725,ANON_4229,176691024,2024-02-12,6,2024-05-07,85.0,14.166666666666666
6131,ANON_4229,194962381,2024-05-07,6,2024-09-04,120.0,20.0
4735,ANON_4237,176815891,2024-02-12,2,2025-07-17,521.0,260.5
4770,ANON_4269,177360683,2024-02-14,6,2025-01-08,329.0,54.833333333333336
4780,ANON_4278,177521009,2024-02-15,6,2024-11-12,271.0,45.166666666666664
4783,ANON_4281,177576091,2024-02-15,3,2024-05-22,97.0,32.333333333333336
13431,ANON_4284,277313940,2025-07-08,6,2025-07-27,19.0,3.1666666666666665
4802,ANON_4300,177879136,2024-02-17,6,2025-04-25,433.0,72.16666666666667
4821,ANON_4313,178072678,2024-02-18,2,2024-04-07,49.0,24.5
5678,ANON_4313,188613351,2024-04-07,4,2024-07-09,93.0,23.25
7139,ANON_4313,208937996,2024-07-09,5,2024-10-27,110.0,22.0
9012,ANON_4313,230346384,2024-10-27,4,2025-05-26,211.0,52.75
12670,ANON_4313,270117343,2025-05-26,4,2025-10-26,153.0,38.25
4826,ANON_4318,178138777,2024-02-18,8,2024-10-03,228.0,28.5
4833,ANON_4324,178239217,2024-02-19,6,2025-11-28,648.0,108.0
4861,ANON_4345,178593349,2024-02-20,3,2024-05-01,71.0,23.666666666666668
6062,ANON_4345,193919189,2024-05-01,6,2025-04-17,351.0,58.5
5621,ANON_4361,187838977,2024-04-03,12,2025-07-21,474.0,39.5
4886,ANON_4365,178972966,2024-02-22,12,2024-11-14,266.0,22.166666666666668
4895,ANON_4372,179110592,2024-02-22,6,2025-01-06,319.0,53.166666666666664
4914,ANON_4387,179391572,2024-02-24,6,2024-07-08,135.0,22.5
4922,ANON_4393,179484427,2024-02-25,6,2024-09-05,193.0,32.166666666666664
8219,ANON_4393,220160459,2024-09-05,18,2025-03-22,198.0,11.0
4936,ANON_4403,179644731,2024-02-26,6,2025-11-29,642.0,107.0
4955,ANON_4421,179964391,2024-02-27,6,2024-09-28,214.0,35.666666666666664
4977,ANON_4438,180303004,2024-02-28,3,2024-12-09,285.0,95.0
6783,ANON_4485,204127380,2024-06-17,3,2024-06-21,4.0,1.3333333333333333
5045,ANON_4494,181205063,2024-03-04,6,2025-11-27,633.0,105.5
5084,ANON_4524,181616217,2024-03-05,3,2024-03-11,6.0,2.0
5145,ANON_4576,182236038,2024-03-07,4,2025-05-17,436.0,109.0
5168,ANON_4597,182599386,2024-03-10,10,2024-08-13,156.0,15.6
7686,ANON_4597,215650546,2024-08-13,6,2024-08-27,14.0,2.3333333333333335
7974,ANON_4597,218298625,2024-08-27,2,2025-02-13,170.0,85.0
10904,ANON_4597,252998793,2025-02-13,7,2025-06-01,108.0,15.428571428571429
5201,ANON_4624,183014758,2024-03-11,9,2024-11-29,263.0,29.22222222222222
9540,ANON_4624,237853844,2024-11-29,7,2025-09-02,277.0,39.57142857142857
5212,ANON_4634,183144591,2024-03-12,6,2024-07-18,128.0,21.333333333333332
5224,ANON_4644,183294306,2024-03-12,4,2025-01-09,303.0,75.75
5286,ANON_4696,184154295,2024-03-16,6,2025-10-12,575.0,95.83333333333333
5334,ANON_4731,184725487,2024-03-19,3,2025-02-07,325.0,108.33333333333333
5339,ANON_4736,184825301,2024-03-19,4,2024-03-31,12.0,3.0
5365,ANON_4753,185136821,2024-03-20,3,2024-04-02,13.0,4.333333333333333
5370,ANON_4757,185224115,2024-03-21,3,2025-10-05,563.0,187.66666666666666
5378,ANON_4765,185389589,2024-03-21,6,2025-09-24,552.0,92.0
5380,ANON_4767,185423683,2024-03-21,14,2024-07-07,108.0,7.714285714285714
5399,ANON_4784,185578360,2024-03-22,13,2025-10-07,564.0,43.38461538461539
5406,ANON_4789,185624178,2024-03-23,4,2024-04-09,17.0,4.25
5422,ANON_4803,185808689,2024-03-24,8,2025-09-28,553.0,69.125
6976,ANON_4810,207145161,2024-07-01,3,2024-07-15,14.0,4.666666666666667
5438,ANON_4817,186005691,2024-03-25,6,2024-08-20,148.0,24.666666666666668
5453,ANON_4829,186220512,2024-03-25,6,2025-11-24,609.0,101.5
5461,ANON_4836,186327355,2024-03-26,6,2024-10-16,204.0,34.0
8883,ANON_4836,228232581,2024-10-16,6,2024-10-23,7.0,1.1666666666666667
5490,ANON_4859,186537633,2024-03-27,6,2024-10-30,217.0,36.166666666666664
9051,ANON_4859,230931568,2024-10-30,12,2025-09-28,333.0,27.75
5521,ANON_4881,186841442,2024-03-28,2,2024-05-09,42.0,21.0
6168,ANON_4881,195498391,2024-05-09,2,2025-07-26,443.0,221.5
11552,ANON_4884,258801132,2025-03-19,1,2025-06-09,82.0,82.0
12940,ANON_4884,272629735,2025-06-09,3,2025-08-15,67.0,22.333333333333332
5532,ANON_4891,186979068,2024-03-29,6,2025-02-03,311.0,51.833333333333336
5549,ANON_4904,187173169,2024-03-31,4,2025-04-03,368.0,92.0
5581,ANON_4927,187570590,2024-04-02,8,2024-09-29,180.0,22.5
5591,ANON_4935,187689165,2024-04-03,7,2025-02-23,326.0,46.57142857142857
11042,ANON_4935,254419486,2025-02-23,4,2025-06-18,115.0,28.75
5654,ANON_4988,188295900,2024-04-05,13,2024-05-09,34.0,2.6153846153846154
5656,ANON_4990,188331400,2024-04-05,3,2024-05-13,38.0,12.666666666666666
5670,ANON_5004,188514781,2024-04-07,7,2025-11-24,596.0,85.14285714285714
5694,ANON_5022,188781167,2024-04-08,6,2024-04-10,2.0,0.3333333333333333
5726,ANON_5047,189126367,2024-04-09,6,2024-06-20,72.0,12.0
5727,ANON_5048,189135043,2024-04-09,12,2024-04-20,11.0,0.9166666666666666
5743,ANON_5060,189281356,2024-04-09,7,2024-05-13,34.0,4.857142857142857
6236,ANON_5060,196368421,2024-05-13,13,2024-10-22,162.0,12.461538461538462
5783,ANON_5094,189817340,2024-04-11,3,2024-12-12,245.0,81.66666666666667
9858,ANON_5094,241621606,2024-12-12,6,2025-01-12,31.0,5.166666666666667
5793,ANON_5101,189948085,2024-04-12,7,2024-07-30,109.0,15.571428571428571
7461,ANON_5101,213007454,2024-07-30,6,2025-11-16,474.0,79.0
5841,ANON_5139,190514309,2024-04-15,6,2024-08-18,125.0,20.833333333333332
5845,ANON_5142,190561014,2024-04-15,2,2024-10-18,186.0,93.0
8905,ANON_5142,228575565,2024-10-18,7,2025-04-21,185.0,26.428571428571427
12105,ANON_5142,264208264,2025-04-21,11,2025-07-25,95.0,8.636363636363637
5857,ANON_5154,190805639,2024-04-16,18,2025-04-15,364.0,20.22222222222222
5880,ANON_5171,191116516,2024-04-17,4,2025-06-23,432.0,108.0
5926,ANON_5207,191759278,2024-04-21,3,2024-08-25,126.0,42.0
5942,ANON_5220,192008608,2024-04-22,3,2025-09-02,498.0,166.0
5975,ANON_5245,192482004,2024-04-23,3,2025-01-20,272.0,90.66666666666667
5987,ANON_5251,192625810,2024-04-24,3,2024-05-06,12.0,4.0
5989,ANON_5253,192679870,2024-04-24,3,2024-10-29,188.0,62.666666666666664
5993,ANON_5257,192754146,2024-04-24,1,2024-07-06,73.0,73.0
6008,ANON_5270,193061839,2024-04-26,6,2025-04-05,344.0,57.333333333333336
11833,ANON_5270,261496751,2025-04-05,3,2025-06-03,59.0,19.666666666666668
6015,ANON_5277,193211720,2024-04-27,7,2024-09-30,156.0,22.285714285714285
6016,ANON_5278,193225347,2024-04-27,4,2024-08-18,113.0,28.25
6029,ANON_5288,193365660,2024-04-28,11,2024-09-16,141.0,12.818181818181818
8444,ANON_5288,222344697,2024-09-16,19,2025-01-27,133.0,7.0
10622,ANON_5288,249844655,2025-01-27,12,2025-10-16,262.0,21.833333333333332
6031,ANON_5290,193401231,2024-04-28,10,2025-05-02,369.0,36.9
6035,ANON_5294,193464403,2024-04-28,9,2025-11-26,577.0,64.11111111111111
6088,ANON_5334,194308290,2024-05-03,4,2024-05-16,13.0,3.25
6308,ANON_5334,197333197,2024-05-16,1,2025-01-20,249.0,249.0
6109,ANON_5351,194598767,2024-05-05,4,2024-06-25,51.0,12.75
6116,ANON_5357,194738440,2024-05-06,5,2025-07-18,438.0,87.6
7029,ANON_5385,207771874,2024-07-04,3,2024-12-12,161.0,53.666666666666664
9849,ANON_5385,241531868,2024-12-12,6,2025-07-21,221.0,36.833333333333336
6597,ANON_5399,201378798,2024-06-04,3,2025-03-23,292.0,97.33333333333333
6179,ANON_5407,195643601,2024-05-09,3,2024-06-08,30.0,10.0
6186,ANON_5413,195753942,2024-05-10,7,2024-12-03,207.0,29.571428571428573
6197,ANON_5423,195926921,2024-05-11,3,2024-08-07,88.0,29.333333333333332
6265,ANON_5473,196814579,2024-05-14,6,2024-12-07,207.0,34.5
6266,ANON_5474,196830000,2024-05-14,6,2025-11-01,536.0,89.33333333333333
6302,ANON_5501,197274916,2024-05-16,1,2025-03-20,308.0,308.0
11558,ANON_5501,258858874,2025-03-20,6,2025-07-16,118.0,19.666666666666668
13605,ANON_5501,278584752,2025-07-16,6,2025-10-15,91.0,15.166666666666666
6310,ANON_5506,197361166,2024-05-16,8,2024-08-15,91.0,11.375
6314,ANON_5509,197406708,2024-05-16,6,2025-02-11,271.0,45.166666666666664
6331,ANON_5521,197602342,2024-05-17,6,2024-11-02,169.0,28.166666666666668
6352,ANON_5537,197796513,2024-05-19,4,2025-11-13,543.0,135.75
6354,ANON_5539,197818095,2024-05-19,6,2025-04-08,324.0,54.0
6358,ANON_5543,197871395,2024-05-19,3,2024-10-29,163.0,54.333333333333336
6366,ANON_5550,197952794,2024-05-19,6,2025-07-14,421.0,70.16666666666667
6367,ANON_5551,197974306,2024-05-19,3,2024-05-26,7.0,2.3333333333333335
6473,ANON_5551,199558101,2024-05-26,5,2024-08-04,70.0,14.0
7537,ANON_5551,213883118,2024-08-04,2,2024-11-28,116.0,58.0
9528,ANON_5551,237673540,2024-11-28,3,2025-11-25,362.0,120.66666666666667
6369,ANON_5553,198006720,2024-05-20,6,2025-03-01,285.0,47.5
6411,ANON_5588,198528373,2024-05-21,3,2025-03-09,292.0,97.33333333333333
6441,ANON_5614,199001267,2024-05-23,6,2025-03-04,285.0,47.5
6469,ANON_5641,199494522,2024-05-26,3,2025-01-15,234.0,78.0
6471,ANON_5642,199513003,2024-05-26,12,2024-05-28,2.0,0.16666666666666666
6474,ANON_5644,199560545,2024-05-26,4,2025-07-27,427.0,106.75
6484,ANON_5651,199710039,2024-05-27,3,2024-05-27,0.0,0.0
6488,ANON_5654,199765700,2024-05-27,3,2025-02-03,252.0,84.0
6575,ANON_5723,200987416,2024-06-03,3,2025-05-04,335.0,111.66666666666667
6577,ANON_5725,201032902,2024-06-03,6,2025-11-14,529.0,88.16666666666667
10678,ANON_5734,250573501,2025-01-31,6,2025-10-11,253.0,42.166666666666664
6599,ANON_5744,201395490,2024-06-04,4,2025-02-12,253.0,63.25
6694,ANON_5818,202713980,2024-06-10,1,2024-06-26,16.0,16.0
6712,ANON_5832,202985369,2024-06-11,6,2025-07-06,390.0,65.0
6718,ANON_5837,203072112,2024-06-12,4,2025-01-13,215.0,53.75
6742,ANON_5857,203462764,2024-06-13,3,2025-02-20,252.0,84.0
6753,ANON_5867,203675498,2024-06-14,31,2024-06-17,3.0,0.0967741935483871
6784,ANON_5867,204127583,2024-06-17,38,2025-10-07,477.0,12.552631578947368
10428,ANON_5869,247649456,2025-01-14,6,2025-09-05,234.0,39.0
6785,ANON_5893,204134147,2024-06-17,3,2024-10-10,115.0,38.333333333333336
8798,ANON_5893,226916317,2024-10-10,6,2025-04-02,174.0,29.0
12991,ANON_5898,273136357,2025-06-12,6,2025-09-13,93.0,15.5
6811,ANON_5915,204569659,2024-06-18,6,2025-04-11,297.0,49.5
6828,ANON_5928,204827148,2024-06-19,7,2025-05-13,328.0,46.857142857142854
12469,ANON_5928,268056687,2025-05-13,6,2025-11-13,184.0,30.666666666666668
6835,ANON_5933,204958896,2024-06-20,12,2025-02-26,251.0,20.916666666666668
6863,ANON_5957,205443884,2024-06-23,3,2024-08-30,68.0,22.666666666666668
6869,ANON_5962,205575785,2024-06-24,3,2024-10-29,127.0,42.333333333333336
9045,ANON_5962,230845096,2024-10-29,12,2025-04-25,178.0,14.833333333333334
6877,ANON_5969,205723961,2024-06-24,7,2025-07-06,377.0,53.857142857142854
6882,ANON_5973,205806928,2024-06-25,6,2024-09-01,68.0,11.333333333333334
6925,ANON_6009,206507482,2024-06-28,3,2024-06-28,0.0,0.0
6969,ANON_6009,207044467,2024-06-28,18,2025-05-20,326.0,18.11111111111111
6949,ANON_6030,206812058,2024-06-30,3,2025-09-01,428.0,142.66666666666666
6951,ANON_6032,206838463,2024-06-30,3,2025-08-09,405.0,135.0
7006,ANON_6073,207482533,2024-07-02,6,2025-04-13,285.0,47.5
7073,ANON_6123,208218795,2024-07-06,6,2024-10-13,99.0,16.5
8828,ANON_6123,227440871,2024-10-13,12,2025-09-09,331.0,27.583333333333332
7074,ANON_6124,208230623,2024-07-06,6,2025-09-01,422.0,70.33333333333333
7090,ANON_6134,208360803,2024-07-07,6,2024-08-09,33.0,5.5
7106,ANON_6146,208539363,2024-07-08,1,2025-11-29,509.0,509.0
7126,ANON_6163,208790426,2024-07-09,16,2024-11-06,120.0,7.5
9162,ANON_6163,232206951,2024-11-06,6,2025-06-07,213.0,35.5
7136,ANON_6172,208910545,2024-07-09,3,2024-10-02,85.0,28.333333333333332
7178,ANON_6207,209353583,2024-07-11,3,2025-01-20,193.0,64.33333333333333
7185,ANON_6213,209427734,2024-07-11,6,2025-05-17,310.0,51.666666666666664
7196,ANON_6221,209549136,2024-07-12,4,2025-03-03,234.0,58.5
7226,ANON_6246,209867550,2024-07-14,7,2025-08-15,397.0,56.714285714285715
7245,ANON_6262,210117824,2024-07-15,6,2024-12-03,141.0,23.5
7256,ANON_6271,210216253,2024-07-16,3,2025-01-28,196.0,65.33333333333333
7294,ANON_6296,210821190,2024-07-18,15,2024-07-19,1.0,0.06666666666666667
7286,ANON_6298,210732405,2024-07-18,3,2024-08-20,33.0,11.0
7300,ANON_6307,210874502,2024-07-19,6,2024-08-04,16.0,2.6666666666666665
7534,ANON_6307,213865683,2024-08-04,1,2025-07-10,340.0,340.0
13482,ANON_6307,277734656,2025-07-10,12,2025-10-01,83.0,6.916666666666667
7342,ANON_6343,211355973,2024-07-22,4,2025-10-10,445.0,111.25
7343,ANON_6344,211373202,2024-07-22,4,2025-07-02,345.0,86.25
7351,ANON_6351,211478094,2024-07-22,4,2024-07-23,1.0,0.25
7423,ANON_6414,212521062,2024-07-28,4,2024-09-27,61.0,15.25
8608,ANON_6414,224369392,2024-09-27,6,2025-03-08,162.0,27.0
7498,ANON_6477,213482136,2024-08-01,3,2024-10-27,87.0,29.0
7513,ANON_6489,213648529,2024-08-03,3,2025-10-04,427.0,142.33333333333334
7536,ANON_6509,213877044,2024-08-04,6,2025-08-27,388.0,64.66666666666667
7550,ANON_6519,214029936,2024-08-05,1,2025-01-20,168.0,168.0
7560,ANON_6526,214138824,2024-08-05,6,2025-02-14,193.0,32.166666666666664
10912,ANON_6526,253092945,2025-02-14,2,2025-05-28,103.0,51.5
9619,ANON_6529,238912219,2024-12-03,60,2025-05-07,155.0,2.5833333333333335
12362,ANON_6529,266888063,2025-05-07,48,2025-08-11,96.0,2.0
14163,ANON_6529,282681962,2025-08-11,48,2025-11-13,94.0,1.9583333333333333
7574,ANON_6537,214323593,2024-08-06,7,2025-04-20,257.0,36.714285714285715
7579,ANON_6542,214400530,2024-08-06,6,2025-03-19,225.0,37.5
9964,ANON_6544,242808356,2024-12-16,12,2025-10-23,311.0,25.916666666666668
7584,ANON_6547,214479809,2024-08-07,111,2025-06-24,321.0,2.891891891891892
7614,ANON_6570,214816304,2024-08-08,7,2025-10-06,424.0,60.57142857142857
7633,ANON_6580,215080504,2024-08-10,1,2024-10-02,53.0,53.0
7651,ANON_6602,215240963,2024-08-11,1,2025-02-11,184.0,184.0
7674,ANON_6623,215524174,2024-08-12,12,2025-04-01,232.0,19.333333333333332
7676,ANON_6625,215550192,2024-08-12,3,2025-11-12,457.0,152.33333333333334
7724,ANON_6663,216034904,2024-08-15,9,2024-08-15,0.0,0.0
7730,ANON_6667,216068977,2024-08-15,3,2025-07-12,331.0,110.33333333333333
7776,ANON_6702,216446408,2024-08-18,6,2024-11-15,89.0,14.833333333333334
7781,ANON_6707,216485322,2024-08-18,12,2025-09-03,381.0,31.75
12526,ANON_6760,268673036,2025-05-17,3,2025-10-22,158.0,52.666666666666664
7882,ANON_6790,217440185,2024-08-22,3,2025-07-15,327.0,109.0
7886,ANON_6793,217473829,2024-08-22,13,2024-08-29,7.0,0.5384615384615384
7895,ANON_6801,217572874,2024-08-23,13,2025-08-17,359.0,27.615384615384617
7920,ANON_6821,217802998,2024-08-25,14,2024-11-25,92.0,6.571428571428571
7923,ANON_6824,217831746,2024-08-25,9,2025-01-30,158.0,17.555555555555557
7960,ANON_6852,218169818,2024-08-27,3,2024-09-12,16.0,5.333333333333333
7984,ANON_6870,218381523,2024-08-27,3,2024-11-06,71.0,23.666666666666668
8017,ANON_6900,218716255,2024-08-29,7,2025-02-11,166.0,23.714285714285715
8050,ANON_6927,218984907,2024-08-30,7,2025-08-29,364.0,52.0
8053,ANON_6929,219001208,2024-08-31,12,2025-01-14,136.0,11.333333333333334
8088,ANON_6953,219183587,2024-09-01,4,2025-03-21,201.0,50.25
8089,ANON_6954,219192904,2024-09-01,17,2025-07-27,329.0,19.352941176470587
8115,ANON_6971,219338295,2024-09-02,3,2024-09-05,3.0,1.0
8119,ANON_6973,219360584,2024-09-02,4,2025-05-26,266.0,66.5
8121,ANON_6975,219378044,2024-09-02,4,2025-11-25,449.0,112.25
8124,ANON_6978,219400997,2024-09-02,3,2024-11-27,86.0,28.666666666666668
8140,ANON_6991,219492166,2024-09-02,6,2025-10-17,410.0,68.33333333333333
8153,ANON_7002,219579386,2024-09-03,3,2025-02-12,162.0,54.0
10879,ANON_7002,252703014,2025-02-12,7,2025-08-06,175.0,25.0
8162,ANON_7008,219645398,2024-09-03,1,2025-09-12,374.0,374.0
8195,ANON_7036,219940187,2024-09-04,1,2025-02-03,152.0,152.0
8238,ANON_7068,220348139,2024-09-06,3,2025-11-20,440.0,146.66666666666666
8250,ANON_7077,220424598,2024-09-07,7,2024-09-20,13.0,1.8571428571428572
8251,ANON_7078,220431882,2024-09-07,2,2025-01-03,118.0,59.0
10210,ANON_7078,245648044,2025-01-03,3,2025-02-05,33.0,11.0
8258,ANON_7084,220487888,2024-09-08,8,2024-09-08,0.0,0.0
10220,ANON_7118,245730610,2025-01-03,6,2025-11-10,311.0,51.833333333333336
8329,ANON_7145,221178803,2024-09-11,5,2024-09-11,0.0,0.0
8339,ANON_7145,221231535,2024-09-11,17,2024-09-12,1.0,0.058823529411764705
8378,ANON_7145,221624879,2024-09-12,11,2024-09-13,1.0,0.09090909090909091
8347,ANON_7155,221308636,2024-09-11,13,2025-08-20,343.0,26.384615384615383
8366,ANON_7170,221517746,2024-09-12,3,2024-12-06,85.0,28.333333333333332
9691,ANON_7170,239830178,2024-12-06,3,2025-09-19,287.0,95.66666666666667
8385,ANON_7185,221699903,2024-09-13,1,2025-08-28,349.0,349.0
8424,ANON_7220,222140227,2024-09-16,6,2024-10-07,21.0,3.5
8761,ANON_7220,226364585,2024-10-07,2,2024-12-10,64.0,32.0
8451,ANON_7240,222440165,2024-09-17,12,2025-04-08,203.0,16.916666666666668
8456,ANON_7245,222515991,2024-09-17,3,2025-05-06,231.0,77.0
8495,ANON_7277,222997501,2024-09-20,24,2025-10-25,400.0,16.666666666666668
8513,ANON_7287,223162513,2024-09-21,4,2025-05-04,225.0,56.25
8515,ANON_7289,223184281,2024-09-21,3,2024-12-09,79.0,26.333333333333332
8534,ANON_7302,223361521,2024-09-22,3,2025-02-17,148.0,49.333333333333336
8535,ANON_7303,223372155,2024-09-22,3,2025-04-27,217.0,72.33333333333333
8581,ANON_7341,224013392,2024-09-25,3,2025-06-10,258.0,86.0
9295,ANON_7368,234265290,2024-11-15,24,2025-11-18,368.0,15.333333333333334
8625,ANON_7372,224511831,2024-09-28,4,2025-03-02,155.0,38.75
8631,ANON_7378,224596734,2024-09-29,6,2025-07-01,275.0,45.833333333333336
8655,ANON_7395,224891301,2024-09-30,6,2025-09-07,342.0,57.0
8669,ANON_7405,225068117,2024-10-01,1,2025-01-20,111.0,111.0
8674,ANON_7409,225143844,2024-10-01,4,2024-10-01,0.0,0.0
8727,ANON_7448,225868617,2024-10-05,4,2025-01-08,95.0,23.75
10311,ANON_7448,246506188,2025-01-08,3,2025-09-01,236.0,78.66666666666667
8744,ANON_7464,226115851,2024-10-06,6,2025-03-13,158.0,26.333333333333332
11435,ANON_7464,257768665,2025-03-13,6,2025-09-02,173.0,28.833333333333332
8746,ANON_7466,226147240,2024-10-06,24,2025-07-16,283.0,11.791666666666666
8773,ANON_7482,226499606,2024-10-08,12,2024-12-25,78.0,6.5
10099,ANON_7482,244501213,2024-12-25,6,2025-09-11,260.0,43.333333333333336
8792,ANON_7498,226843235,2024-10-09,24,2025-03-22,164.0,6.833333333333333
8829,ANON_7527,227448651,2024-10-13,2,2025-04-12,181.0,90.5
8833,ANON_7531,227517518,2024-10-13,7,2025-01-14,93.0,13.285714285714286
8843,ANON_7538,227642191,2024-10-13,1,2024-10-30,17.0,17.0
8927,ANON_7598,228925369,2024-10-20,6,2025-08-20,304.0,50.666666666666664
8975,ANON_7635,229803358,2024-10-24,3,2025-07-19,268.0,89.33333333333333
8977,ANON_7637,229854524,2024-10-24,3,2025-02-04,103.0,34.333333333333336
9022,ANON_7669,230535501,2024-10-28,12,2025-08-23,299.0,24.916666666666668
9068,ANON_7701,231194016,2024-11-01,24,2024-11-22,21.0,0.875
9070,ANON_7702,231206121,2024-11-01,4,2025-04-06,156.0,39.0
9078,ANON_7707,231284209,2024-11-02,2,2025-01-11,70.0,35.0
10368,ANON_7707,247056004,2025-01-11,3,2025-05-09,118.0,39.333333333333336
9097,ANON_7720,231505240,2024-11-03,3,2025-03-02,119.0,39.666666666666664
9158,ANON_7769,232181747,2024-11-06,4,2024-11-10,4.0,1.0
9246,ANON_7842,233492280,2024-11-12,6,2025-07-23,253.0,42.166666666666664
9259,ANON_7851,233685524,2024-11-12,12,2025-07-31,261.0,21.75
9292,ANON_7877,234220328,2024-11-14,6,2025-07-20,248.0,41.333333333333336
13690,ANON_7877,279155367,2025-07-20,6,2025-10-07,79.0,13.166666666666666
9316,ANON_7895,234586316,2024-11-16,4,2025-02-12,88.0,22.0
10875,ANON_7895,252680396,2025-02-12,15,2025-03-22,38.0,2.533333333333333
9342,ANON_7915,234941927,2024-11-18,4,2025-08-25,280.0,70.0
9362,ANON_7930,235260036,2024-11-19,7,2025-10-03,318.0,45.42857142857143
9428,ANON_7983,236249499,2024-11-23,6,2024-12-18,25.0,4.166666666666667
9459,ANON_8010,236683170,2024-11-25,6,2025-05-26,182.0,30.333333333333332
9579,ANON_8104,238369544,2024-12-01,3,2025-04-10,130.0,43.333333333333336
9734,ANON_8225,240227734,2024-12-08,4,2025-02-26,80.0,20.0
9826,ANON_8300,241286793,2024-12-11,7,2024-12-16,5.0,0.7142857142857143
9969,ANON_8300,242862318,2024-12-16,7,2025-09-01,259.0,37.0
9844,ANON_8314,241476695,2024-12-12,6,2025-09-14,276.0,46.0
9866,ANON_8330,241700657,2024-12-12,18,2025-08-13,244.0,13.555555555555555
9904,ANON_8365,242161082,2024-12-14,14,2025-05-03,140.0,10.0
10023,ANON_8465,243530083,2024-12-18,12,2025-06-15,179.0,14.916666666666666
10114,ANON_8539,244674438,2024-12-27,6,2025-10-10,287.0,47.833333333333336
10127,ANON_8549,244802787,2024-12-28,6,2025-02-27,61.0,10.166666666666666
10131,ANON_8552,244826196,2024-12-28,13,2025-09-22,268.0,20.615384615384617
10219,ANON_8618,245720721,2025-01-03,6,2025-07-04,182.0,30.333333333333332
10243,ANON_8634,245884404,2025-01-04,13,2025-01-09,5.0,0.38461538461538464
10256,ANON_8644,245975246,2025-01-05,6,2025-09-01,239.0,39.833333333333336
10258,ANON_8646,245991450,2025-01-05,2,2025-05-13,128.0,64.0
10270,ANON_8657,246098606,2025-01-06,6,2025-02-07,32.0,5.333333333333333
10280,ANON_8665,246178639,2025-01-06,12,2025-01-25,19.0,1.5833333333333333
10290,ANON_8674,246297341,2025-01-07,3,2025-08-16,221.0,73.66666666666667
10361,ANON_8725,246988070,2025-01-10,6,2025-06-27,168.0,28.0
10404,ANON_8758,247388457,2025-01-13,3,2025-04-09,86.0,28.666666666666668
10422,ANON_8771,247576116,2025-01-14,24,2025-11-05,295.0,12.291666666666666
10473,ANON_8807,248111535,2025-01-16,6,2025-05-19,123.0,20.5
10499,ANON_8830,248416668,2025-01-18,4,2025-05-25,127.0,31.75
10517,ANON_8844,248602858,2025-01-20,6,2025-06-25,156.0,26.0
10612,ANON_8912,249722110,2025-01-26,7,2025-08-03,189.0,27.0
10623,ANON_8920,249861962,2025-01-27,12,2025-08-10,195.0,16.25
10674,ANON_8960,250536208,2025-01-31,6,2025-02-06,6.0,1.0
10770,ANON_8960,251558888,2025-02-06,6,2025-11-11,278.0,46.333333333333336
11369,ANON_8969,257175284,2025-03-11,3,2025-07-01,112.0,37.333333333333336
13293,ANON_8969,276166970,2025-07-01,3,2025-10-03,94.0,31.333333333333332
15388,ANON_8969,291000638,2025-10-03,6,2025-11-28,56.0,9.333333333333334
10702,ANON_8980,250787074,2025-02-02,6,2025-09-09,219.0,36.5
10708,ANON_8985,250857652,2025-02-02,3,2025-08-07,186.0,62.0
10764,ANON_9029,251511814,2025-02-06,6,2025-08-26,201.0,33.5
10779,ANON_9038,251654492,2025-02-06,3,2025-09-18,224.0,74.66666666666667
10781,ANON_9039,251667129,2025-02-06,1,2025-09-15,221.0,221.0
10798,ANON_9051,251833050,2025-02-07,12,2025-11-09,275.0,22.916666666666668
10810,ANON_9062,251946764,2025-02-08,4,2025-11-15,280.0,70.0
10829,ANON_9079,252170870,2025-02-10,1,2025-02-12,2.0,2.0
10907,ANON_9135,253041759,2025-02-14,15,2025-08-07,174.0,11.6
10923,ANON_9146,253207180,2025-02-15,3,2025-09-10,207.0,69.0
14883,ANON_9146,287323974,2025-09-10,3,2025-10-08,28.0,9.333333333333334
10958,ANON_9170,253554322,2025-02-17,7,2025-04-13,55.0,7.857142857142857
12005,ANON_9170,263108473,2025-04-13,6,2025-06-25,73.0,12.166666666666666
10963,ANON_9173,253593226,2025-02-17,3,2025-02-19,2.0,0.6666666666666666
10969,ANON_9177,253658536,2025-02-18,8,2025-07-23,155.0,19.375
10971,ANON_9179,253691970,2025-02-18,4,2025-09-06,200.0,50.0
11038,ANON_9232,254385177,2025-02-22,3,2025-07-31,159.0,53.0
11054,ANON_9245,254501193,2025-02-23,3,2025-02-26,3.0,1.0
15363,ANON_9284,290845664,2025-10-02,6,2025-11-12,41.0,6.833333333333333
11104,ANON_9287,255001578,2025-02-26,6,2025-02-26,0.0,0.0
11108,ANON_9289,255022897,2025-02-26,12,2025-02-26,0.0,0.0
11110,ANON_9289,255038085,2025-02-26,2,2025-02-27,1.0,0.5
11196,ANON_9352,255657227,2025-03-02,2,2025-06-22,112.0,56.0
11240,ANON_9387,256066180,2025-03-04,3,2025-06-29,117.0,39.0
13250,ANON_9387,275767803,2025-06-29,6,2025-11-06,130.0,21.666666666666668
11285,ANON_9426,256498465,2025-03-06,2,2025-09-13,191.0,95.5
11372,ANON_9492,257196393,2025-03-11,3,2025-08-21,163.0,54.333333333333336
11449,ANON_9554,257909037,2025-03-14,4,2025-04-03,20.0,5.0
11806,ANON_9554,261286842,2025-04-03,1,2025-05-30,57.0,57.0
11469,ANON_9570,258052115,2025-03-16,10,2025-03-18,2.0,0.2
11519,ANON_9570,258538465,2025-03-18,2,2025-10-08,204.0,102.0
11472,ANON_9573,258076269,2025-03-16,7,2025-10-05,203.0,29.0
11511,ANON_9608,258481757,2025-03-18,4,2025-03-19,1.0,0.25
11544,ANON_9631,258744820,2025-03-19,3,2025-06-30,103.0,34.333333333333336
11587,ANON_9665,259134623,2025-03-22,3,2025-05-13,52.0,17.333333333333332
11632,ANON_9699,259462791,2025-03-24,4,2025-07-15,113.0,28.25
11781,ANON_9703,261048290,2025-04-02,15,2025-08-02,122.0,8.133333333333333
11642,ANON_9706,259547346,2025-03-24,6,2025-07-04,102.0,17.0
11658,ANON_9719,259710942,2025-03-25,7,2025-04-05,11.0,1.5714285714285714
11677,ANON_9737,259944027,2025-03-26,4,2025-03-29,3.0,0.75
11714,ANON_9766,260311762,2025-03-29,6,2025-06-08,71.0,11.833333333333334
11746,ANON_9794,260678013,2025-03-31,12,2025-06-16,77.0,6.416666666666667
11756,ANON_9802,260796435,2025-04-01,6,2025-10-20,202.0,33.666666666666664
11780,ANON_9818,261038613,2025-04-02,3,2025-05-29,57.0,19.0
11836,ANON_9857,261510980,2025-04-05,4,2025-11-29,238.0,59.5
11879,ANON_9892,261950511,2025-04-07,1,2025-04-26,19.0,19.0
12210,ANON_9892,265185674,2025-04-26,5,2025-05-08,12.0,2.4
11896,ANON_9904,262123877,2025-04-08,4,2025-05-30,52.0,13.0
11957,ANON_9950,262686091,2025-04-11,3,2025-08-12,123.0,41.0
11972,ANON_9962,262828995,2025-04-12,2,2025-04-12,0.0,0.0
